AREA,PERIMETER,CTYONLY_,CTYONLY_ID,COUN,CTY_NAME,CTY_ABBR,CTY_FIPS,MaxSimpTol,MinSimpTol,Shape_Leng,Shape_Area,geometry
4608320923.5,388250.145723,2,1,39,Lake of the Woods,LOTW,77,500,500,382908.667257,4603356736.04,"list(c(330081.6632, 342511.687, 343717.014, 345464.161, 350523.204, 353735.447, 355601.838, 358282.097, 365276.171, 368014.398, 367267.98, 369016.559, 370650.365, 372282.429, 376584.508, 375891.834, 376320.015, 374907.878, 375776.781, 378580.337, 379321.597, 380950.928, 383221.953, 386055.792, 386761.869, 393117.957, 394785.7823, 394174.1397, 336270.1662, 336735.1932, 327092.0491, 327682.7545, 346269.1048, 346787.7098, 342528.2955, 336767.5571, 334698.481, 331415.5739, 329923.1959, 329930.73, 331265.58, 
330131.4553, 330081.6632, 5429937.0851, 5429563.962, 5472427.737, 5470817.577, 5468764.15, 5469035.965, 5470372.949, 5470279.764, 5465165.576, 5464771.82, 5461781.749, 5451007.133, 5442365.129, 5439906.26, 5415940.487, 5414275.896, 5411045.092, 5409315.673, 5404156.515, 5401664.555, 5399988.389, 5399513.897, 5397277.143, 5396903.666, 5395550.591, 5394280.336, 5395220.8519, 5358130.7033, 5359343.1796, 5378678.9205, 5378987.8872, 5398200.344, 5397649.244, 5420753.0099, 5417704.4255, 5416680.4465, 5417064.7105, 
5419329.7908, 5422566.9729, 5423481.6314, 5424256.7805, 5425485.7041, 5429937.0851))"
2862183702.23,263017.482774,3,2,35,Kittson,KITT,69,500,500,251230.831284,2855456412.09,"list(c(250934.678, 249563.8547, 250859.6325, 249941.8832, 192756.0365, 192716.625, 194669.9369, 191961.8976, 193986.0031, 193216.7165, 194429.8605, 194596.1379, 193781.764, 195278.5786, 194135.3923, 195701.197, 195452.6124, 196435.7049, 195663.5768, 197325.3987, 196920.7244, 198226.0652, 197496.5173, 198159.1669, 198220.0924, 199001.758, 196904.1511, 197680.1817, 195749.2305, 196444.4937, 195483.0965, 195858.9596, 194710.0055, 195387.2343, 194464.3176, 195359.9725, 193494.9546, 194238.7532, 192954.9944, 
194750.0846, 192408.3524, 193766.0177, 193148.0367, 193896.0411, 193522.6046, 192698.6625, 193699.4584, 192141.4728, 192053.7395, 192933.1664, 191478.9418, 191351.8355, 190012.2422, 190465.5609, 250934.678, 5433053.1834, 5401603.303, 5401546.1679, 5382327.0859, 5385132.5038, 5386250.2608, 5386030.2603, 5387111.4766, 5388046.0425, 5389294.4482, 5389323.0978, 5390454.9734, 5390841.8759, 5392077.0856, 5392678.4993, 5392771.5136, 5393773.464, 5393198.3055, 5394755.2126, 5394772.2238, 5396182.6188, 5397913.1503, 
5398309.5497, 5398657.7813, 5400308.9757, 5400527.5156, 5402494.6518, 5403179.8819, 5405370.326, 5405907.3078, 5406373.7139, 5407927.3977, 5408455.5614, 5409622.2396, 5410830.9648, 5411473.6322, 5412880.323, 5413710.8715, 5413459.8433, 5414715.1784, 5415385.9998, 5417886.0454, 5418884.0081, 5419241.0532, 5420603.4496, 5420847.8487, 5422019.4566, 5422754.3787, 5423978.2031, 5424293.4951, 5425377.8538, 5428413.0049, 5430251.4893, 5435977.8934, 5433053.1834))"
4347098503.13,302590.75293,4,3,68,Roseau,ROSE,135,500,500,298707.158612,4357803162.84,"list(c(250934.678, 330081.6632, 330131.4553, 331265.58, 329930.73, 329923.1959, 331415.5739, 334698.481, 336767.5571, 342528.2955, 346787.7098, 346269.1048, 327682.7545, 327092.0491, 307913.5579, 249941.8832, 250859.6325, 249563.8547, 250934.678, 5433053.1834, 5429937.0851, 5425485.7041, 5424256.7805, 5423481.6314, 5422566.9729, 5419329.7908, 5417064.7105, 5416680.4465, 5417704.4255, 5420753.0099, 5397649.244, 5398200.344, 5378987.8872, 5379467.4483, 5382327.0859, 5401546.1679, 5401603.303, 5433053.1834
))"
8167237870.92,412897.435943,5,4,36,Koochiching,KOOC,71,500,500,406897.006631,8169836986.85,"list(c(394785.7823, 395845.971, 401178.758, 405008.379, 406956.435, 407781.362, 407876.251, 409832.579, 425823.454, 429784.801, 437786.332, 440526.762, 439574.059, 441807.792, 451311.033, 453603.702, 454791.275, 465505.356, 466230.139, 465677.106, 467568.226, 470097.575, 470852.525, 472617.054, 474004.266, 474307.566, 481241.176, 484712.34, 486854.754, 493479.3742, 492758.8365, 493955.9947, 442014.8244, 441929.0444, 393865.6719, 394174.1397, 394785.7823, 5395220.8519, 5396294.095, 5395356.05, 5395779.614, 
5394765.963, 5393346.407, 5390071.307, 5389212.104, 5388289.439, 5387219.916, 5386693.653, 5381026.655, 5375690.515, 5373937.064, 5373910.285, 5375609.577, 5374546.604, 5377144.389, 5378615.304, 5382165.978, 5382382.509, 5384162.961, 5383488.579, 5383708.394, 5384549.934, 5385990.218, 5387781.331, 5387736.267, 5385563.667, 5386074.1412, 5328679.4661, 5304317.6666, 5305374.1051, 5299515.992, 5300138.2584, 5358130.7033, 5395220.8519))"
4698732287.55,374207.651291,6,5,45,Marshall,MARS,89,500,500,360607.261059,4687280814.75,"list(c(249941.8832, 307913.5579, 307154.5341, 239753.0616, 191741.086, 192556.9095, 191571.9115, 192703.6762, 192359.3568, 193246.46, 192552.5557, 194104.1198, 192601.6302, 191612.3614, 192770.0145, 193982.0491, 192256.2907, 193099.2571, 192166.1167, 193804.7859, 193448.177, 194034.4655, 192439.0178, 193909.3987, 194615.5519, 194194.6958, 193252.4581, 193148.0581, 193911.5525, 195037.6408, 194010.8684, 194156.999, 193225.152, 194953.2025, 193027.3262, 194286.7289, 193261.5277, 193594.6242, 192189.8408, 
193586.8138, 193986.7257, 192711.2709, 191829.0692, 194297.6211, 193720.4957, 192898.0916, 192676.2386, 195020.0948, 193353.9784, 194689.7341, 194974.9453, 193060.3168, 194810.4011, 193490.6376, 194875.3368, 192394.2716, 194089.27, 193933.7771, 194764.4275, 193529.2388, 193514.7039, 195301.101, 193407.4169, 193374.9894, 194313.6983, 192756.0365, 249941.8832, 5382327.0859, 5379467.4483, 5338779.2153, 5341580.1447, 5343872.7572, 5344220.6718, 5345026.9608, 5346484.1262, 5347327.1448, 5347709.121, 5348680.214, 
5347814.3457, 5349256.7179, 5349051.9961, 5349804.7179, 5349494.6159, 5350569.1154, 5351138.0956, 5351791.1916, 5352315.6484, 5353337.7858, 5353605.2688, 5354482.5054, 5354591.0867, 5355579.3798, 5356844.332, 5356477.1097, 5357006.3012, 5357771.5921, 5357430.12, 5358324.715, 5359189.2745, 5359004.9899, 5360494.3149, 5360798.8116, 5362385.7758, 5362888.183, 5363716.4867, 5365285.1577, 5365838.7405, 5367039.9175, 5367129.7073, 5368247.9867, 5369818.6622, 5371099.0574, 5370503.7698, 5371115.5278, 5371095.704, 
5372529.5088, 5372469.3415, 5373639.7092, 5373622.8949, 5375699.7174, 5377158.8244, 5377417.0304, 5377779.1106, 5378460.3697, 5379317.126, 5378901.2236, 5380286.9535, 5381486.9604, 5382347.5954, 5382468.844, 5383489.3505, 5384103.0113, 5385132.5038, 5382327.0859))"
17451037319.2,682518.436003,7,6,69,St. Louis,STLO,137,500,500,667338.326255,17456566891.7,"list(c(493479.3742, 501136.55, 503331.026, 503685.055, 520047.475, 526949.266, 527551.876, 522261.964, 521240.425, 523065.189, 525427.486, 536421.444, 538811.359, 540222.235, 538768.842, 539282.922, 543341.824, 546800.946, 549263.035, 554224.079, 551818.987, 552311.103, 551438.976, 552697.159, 554632.112, 558778.765, 558980.747, 560859.984, 563335.065, 563434.912, 567893.874, 569985.247, 570632.193, 574122.572, 573202.312, 573727.362, 575024.331, 576050.58, 576457.025, 577637.723, 578098.111, 577339.663, 
577351.031, 582188.375, 584115.486, 584373.67, 587998.941, 589289.4034, 590030.9022, 591206.0099, 591752.1642, 590026.2424, 588477.872, 585208.269, 569515.3008, 569356.4665, 570530.6576, 575194.955, 573839.1072, 569545.0354, 567475.8872, 565453.412, 565246.7718, 561973.7716, 560796.7158, 563003.594, 560884.2349, 560671.4716, 557965.577, 556876.6802, 555813.8367, 554511.6581, 554148.542, 553470.6938, 553330.8284, 495302.8157, 495747.3989, 495735.6592, 494959.6591, 494770.5896, 495395.4461, 493836.4413, 
493955.9947, 492758.8365, 493479.3742, 5386074.1412, 5385638.064, 5386497.208, 5383919.425, 5376287.321, 5376670.279, 5372306.489, 5371345.684, 5367800.523, 5365665.164, 5364871.266, 5366210.286, 5362962.664, 5362468.237, 5357770.022, 5355570.759, 5349263.856, 5340975.724, 5342705.726, 5344143.512, 5348579.912, 5350577.259, 5351683.087, 5354647.757, 5356011.36, 5355022.55, 5355712.925, 5355728.689, 5357299.338, 5356225.854, 5356020.382, 5356674.43, 5353948.626, 5352472.759, 5349831.426, 5346277.121, 
5345723.982, 5343963.515, 5345019.169, 5344867.429, 5344169.952, 5343926.792, 5342737.143, 5343343.567, 5341281.911, 5339925.41, 5340521.101, 5339559.1833, 5287416.8306, 5266651.4055, 5199168.1933, 5197401.9654, 5197644.5598, 5195299.3593, 5182593.1028, 5180931.7972, 5178725.6791, 5172960.1103, 5173273.5697, 5177701.178, 5177610.935, 5176032.7483, 5173952.3071, 5174095.5503, 5172583.2802, 5170638.8915, 5168461.1923, 5166792.0916, 5166465.438, 5167510.8057, 5166611.8483, 5168444.6948, 5167985.0414, 
5168011.8027, 5179198.8421, 5179229.6113, 5208109.9652, 5217311.8511, 5217313.8612, 5249647.4053, 5285230.9077, 5285240.5789, 5304317.6666, 5328679.4661, 5386074.1412))"
7911449532.87,429419.170499,8,7,4,Beltrami,BELT,7,500,500,426744.478153,7899701788.16,"list(c(327092.0491, 336735.1932, 336270.1662, 394174.1397, 393865.6719, 393234.3966, 393178.6726, 373992.8346, 335324.0175, 335981.3149, 331656.7566, 329840.8426, 331071.1467, 333796.3586, 307417.5335, 306713.4004, 307154.5341, 307913.5579, 327092.0491, 5378987.8872, 5378678.9205, 5359343.1796, 5358130.7033, 5300138.2584, 5255577.4991, 5251902.8908, 5252100.9025, 5253328.2802, 5304466.4326, 5306090.6394, 5310874.1925, 5316232.2367, 5320934.4718, 5321826.3438, 5321844.1696, 5338779.2153, 5379467.4483, 
5378987.8872))"
5177876131.65,458889.415507,9,8,60,Polk,POLK,119,500,500,438837.745562,5184530153.24,"list(c(191741.086, 239753.0616, 238972.0689, 240337.237, 240069.0854, 239508.4346, 249175.9302, 248838.5092, 287389.7143, 287784.8776, 297335.0208, 297628.1742, 307124.2621, 306444.3483, 308325.0763, 307853.3488, 268973.7854, 210147.7252, 209870.0016, 210699.7109, 209851.7598, 210734.5347, 209289.8586, 208633.3754, 209995.0347, 209317.1186, 210629.8841, 209542.7994, 210372.173, 209524.0869, 210621.4764, 209015.1608, 210331.4176, 209689.2064, 210554.5781, 209919.7725, 210529.3403, 210254.8266, 208467.231, 
208922.6836, 207929.449, 208370.8681, 207536.2425, 206481.7707, 205855.9069, 206553.1229, 205998.0459, 205168.6357, 206158.4638, 205164.8599, 205521.0861, 204739.0981, 205559.0066, 205171.5559, 203603.4842, 203562.2793, 202992.4761, 203641.7172, 203008.7876, 201161.3434, 202126.7704, 202558.5285, 201593.7998, 202032.6267, 200906.3142, 200701.9729, 199185.1016, 199854.1182, 197260.3948, 196822.0913, 197628.0787, 196368.2222, 196596.0297, 194280.6332, 194709.3001, 193993.1504, 194613.9186, 193090.4332, 
192508.6876, 193312.3071, 191569.7456, 193566.7143, 192016.3304, 191741.086, 5343872.7572, 5341580.1447, 5324643.8503, 5324578.5636, 5318124.6289, 5305215.5198, 5304769.2682, 5295109.1924, 5293622.0785, 5303323.1526, 5303015.9281, 5312679.9977, 5312174.821, 5283246.8201, 5283188.664, 5263894.6728, 5265202.4236, 5267787.2307, 5268687.0602, 5268895.7139, 5269247.8765, 5269654.8419, 5269723.4023, 5271020.5602, 5271953.6346, 5272503.7268, 5272184.5481, 5273054.9705, 5273825.942, 5274537.0406, 5275271.8776, 
5275417.1887, 5275583.9526, 5276236.5421, 5277944.7687, 5278540.9817, 5278775.6488, 5280020.9767, 5281302.98, 5282227.2179, 5283445.5665, 5287368.1259, 5287471.7132, 5290554.3728, 5290359.7023, 5291105.4965, 5292299.5746, 5292156.0963, 5293049.8209, 5294579.2836, 5296030.7753, 5296568.7995, 5296575.4055, 5297911.0547, 5298906.3542, 5300044.7441, 5299852.2558, 5300654.062, 5301617.965, 5302725.4019, 5302838.9408, 5304316.0735, 5304614.9157, 5305132.1607, 5306429.2714, 5309463.195, 5310132.6957, 5315200.8073, 
5318289.4482, 5320340.4954, 5323191.0701, 5326451.4733, 5329413.3746, 5332503.9314, 5333980.557, 5334632.9019, 5335101.3225, 5336381.0766, 5339805.8806, 5340057.8562, 5340426.9805, 5342423.6215, 5342406.797, 5343872.7572))"
1601102945.99,190039.741504,10,9,57,Pennington,PENN,113,500,500,189962.965148,1606047853.45,"list(c(239753.0616, 307154.5341, 306713.4004, 307417.5335, 307124.2621, 297628.1742, 297729.225, 240069.0854, 240337.237, 238972.0689, 239753.0616, 5341580.1447, 5338779.2153, 5321844.1696, 5321826.3438, 5312174.821, 5312679.9977, 5315887.0204, 5318124.6289, 5324578.5636, 5324643.8503, 5341580.1447))"
4158429632.49,419119.202236,11,10,16,Cook,COOK,31,500,125,378792.666625,4152415958.31,"list(c(646330.9807, 650263.415, 654826.374, 656958.089, 657774.876, 659789.237, 660560.186, 660837.465, 661707.768, 661956.879, 663237.41, 663865.537, 665226.128, 665282.667, 663803.099, 664997.294, 664452.422, 667422.341, 675576.119, 680106.762, 681645.288, 680906.313, 681914.935, 687115.683, 688517.274, 690708.544, 693312.059, 695514.629, 700240.892, 701814.595, 712807.924, 721671.712, 722379.751, 723666.931, 724114.889, 727226.03, 728585.745, 729596.423, 731499.258, 733396.399, 735205.212, 735336.518, 
736358.567, 737134.606, 740424.41, 744284.749, 744903.649, 748936.692, 749797.69, 752723.667, 752967.39, 755048.098, 761655.0734, 761157.0987, 759986.6428, 759414.3052, 758255.4575, 757665.9993, 756481.5864, 756130.0654, 756525.5777, 755676.5534, 755912.7382, 753645.36, 752521.4454, 752974.0084, 751873.2163, 750023.3985, 750912.0103, 749650.8461, 747784.8257, 747128.0714, 747805.6106, 745991.0849, 742376.1659, 732611.7999, 730180.6244, 729803.1921, 726604.0423, 726258.003, 719260.0057, 718659.0116, 
712331.7401, 710614.0575, 706055.3216, 701150.1573, 699935.4311, 699460.1868, 699289.9996, 695607.5526, 692164.0761, 691651.4005, 685167.8761, 683740.5334, 667036.7557, 658745.2505, 657547.9183, 656967.3516, 648984.6719, 647955.5914, 646330.9807, 5339161.6278, 5342681.905, 5344049.275, 5345798.464, 5344918.543, 5345718.626, 5344650.87, 5338239.92, 5338243.782, 5339122.743, 5338396.033, 5336343.901, 5336898.119, 5335170.11, 5333859.534, 5333779.523, 5333127.975, 5328858.411, 5330496.373, 5332893.2, 
5332711.916, 5331030.928, 5329850.28, 5330365.152, 5331489.349, 5330441.894, 5331243.381, 5329740.355, 5331532.106, 5330865.31, 5332757.806, 5329997.948, 5328065.01, 5327090.208, 5323786.67, 5321986.518, 5322596.669, 5320561.146, 5319570.492, 5319418.089, 5320282.412, 5321450.37, 5321106.432, 5322909.557, 5323864.538, 5323796.82, 5322560.249, 5322880.579, 5322121.935, 5323843.328, 5322629.647, 5321497.869, 5322852.4078, 5322433.3772, 5322320.836, 5321896.6292, 5321662.148, 5321341.4114, 5321287.7457, 
5320969.6238, 5320903.3215, 5320789.7055, 5320411.1955, 5319620.7707, 5320162.4192, 5321074.5547, 5321221.4603, 5319390.7201, 5316624.0582, 5317978.0466, 5317640.8807, 5316565.186, 5315478.8547, 5314645.3641, 5310733.0542, 5305907.9855, 5305651.9797, 5304252.9816, 5302797.6589, 5301822.8547, 5299496.3135, 5298419.4496, 5297064.1112, 5295283.4367, 5294679.384, 5292667.8406, 5291459.5779, 5291843.8685, 5291366.7203, 5290770.277, 5289654.3669, 5288721.1768, 5286453.6815, 5284767.6191, 5274872.4808, 
5267835.2691, 5265718.8303, 5265999.9923, 5258735.6533, 5305765.6721, 5339161.6278))"
5924884711.38,433067.747079,12,11,38,Lake,LAKE,75,500,125,400558.570135,5933832398.57,"list(c(646330.9807, 647955.5914, 648984.6719, 647258.7972, 643625.8779, 639203.1535, 637155.104, 633077.2729, 632971.4153, 632513.845, 632754.5077, 632452.764, 632235.2922, 632296.1741, 631563.3824, 631643.4912, 630571.4039, 631050.6988, 629444.2283, 629471.4755, 626737.144, 624537.6251, 622387.6598, 620598.7096, 616364.6898, 613272.6961, 612177.3621, 608266.4089, 606715.2358, 605638.9697, 603221.4513, 603562.2782, 602172.2935, 601618.0808, 600636.0053, 599960.1176, 598466.3461, 592856.9103, 591752.1642, 
591206.0099, 590030.9022, 589289.4034, 590203.083, 592432.183, 593003.687, 593462.714, 595625.603, 594842.283, 596294.068, 596082.565, 596872.966, 595883.613, 598074.766, 597688.214, 599371.555, 600346.542, 601264.307, 607256.778, 607735.281, 606518.318, 606131.739, 606765.768, 612624.125, 615467.04, 617035.225, 619898.277, 621363.311, 629091.691, 638542.887, 638136.601, 642534.631, 646330.9807, 5339161.6278, 5305765.6721, 5258735.6533, 5257762.3575, 5252952.1938, 5249014.8863, 5244483.4745, 5240515.417, 
5239986.2558, 5239319.2605, 5238808.6993, 5238342.8701, 5238314.6058, 5238029.4291, 5237621.4864, 5238377.9091, 5237217.6055, 5236484.6258, 5236112.1078, 5235266.7567, 5233105.4686, 5229474.6559, 5227227.9688, 5226551.3608, 5220890.0509, 5219454.7798, 5217773.3883, 5216155.5816, 5213070.6841, 5212953.3224, 5210377.6813, 5209056.371, 5209247.8238, 5207489.8808, 5207957.9588, 5206736.0297, 5206557.8869, 5199597.4926, 5199168.1933, 5266651.4055, 5287416.8306, 5339559.1833, 5338817.109, 5339944.699, 
5339140.522, 5339807.659, 5339109.654, 5336041.383, 5336085.395, 5334112.757, 5332858.339, 5329845.777, 5330755.907, 5329570.511, 5329071.04, 5329844.967, 5327988.354, 5329374.057, 5328787.584, 5327703.363, 5324696.456, 5322159.999, 5325005.812, 5325139.241, 5322900.94, 5323906.382, 5325334.48, 5326515.109, 5334566.912, 5335152.655, 5338212.545, 5339161.6278))"
2666946277.73,256799.555752,13,12,15,Clearwater,CLEA,29,500,500,255595.286379,2670391193.53,"list(c(335324.0175, 335070.7959, 336068.9776, 335556.3869, 306595.4932, 307853.3488, 308325.0763, 306444.3483, 307124.2621, 307417.5335, 333796.3586, 331071.1467, 329840.8426, 331656.7566, 335981.3149, 335324.0175, 5253328.2802, 5243654.3624, 5243619.7816, 5224408.5092, 5225162.7554, 5263894.6728, 5283188.664, 5283246.8201, 5312174.821, 5321826.3438, 5320934.4718, 5316232.2367, 5310874.1925, 5306090.6394, 5304466.4326, 5253328.2802))"
1121769824.01,160699.142544,14,13,63,Red Lake,REDL,125,500,500,160689.784183,1122618136.26,"list(c(297628.1742, 297335.0208, 287784.8776, 287389.7143, 248838.5092, 249175.9302, 239508.4346, 240069.0854, 297729.225, 297628.1742, 5312679.9977, 5303015.9281, 5303323.1526, 5293622.0785, 5295109.1924, 5304769.2682, 5305215.5198, 5318124.6289, 5315887.0204, 5312679.9977))"
7577272795.92,436617.171849,15,14,31,Itasca,ITAS,61,500,500,412692.408994,7573194069.44,"list(c(393865.6719, 441929.0444, 442014.8244, 493955.9947, 493836.4413, 495395.4461, 494770.5896, 494959.6591, 495735.6592, 495747.3989, 441092.1018, 441377.3392, 439406.9059, 438507.2816, 439632.3913, 440772.531, 440159.5172, 440706.3591, 441285.7881, 440345.1715, 441491.1368, 438429.345, 438833.6922, 438184.8016, 437843.7182, 437583.2826, 437580.1973, 436337.1044, 436077.4217, 435357.8748, 434958.4012, 434372.5163, 434833.124, 433670.1509, 432766.6495, 432519.9852, 430994.0041, 430204.0943, 428787.9326, 
426417.1716, 422442.2496, 421244.4006, 421335.6785, 422397.7038, 417489.3863, 415769.742, 400233.5506, 396091.7058, 394781.6396, 393234.3966, 393865.6719, 5300138.2584, 5299515.992, 5305374.1051, 5304317.6666, 5285240.5789, 5285230.9077, 5249647.4053, 5217313.8612, 5217311.8511, 5208109.9652, 5208823.7399, 5228914.2059, 5229987.9587, 5232387.5371, 5234301.8504, 5234503.3638, 5235152.3849, 5234981.5508, 5236461.5165, 5237850.6709, 5239347.4259, 5239745.2986, 5238813.9138, 5239437.8734, 5238885.204, 
5239949.2692, 5239260.0245, 5239579.1981, 5240740.1372, 5240435.294, 5241343.7406, 5241182.2033, 5240537.3147, 5240687.611, 5241835.8883, 5239705.1037, 5238709.9875, 5239768.6358, 5239941.8799, 5243187.6339, 5244742.5858, 5247422.5707, 5250195.2337, 5251271.4637, 5258862.5905, 5259195.1138, 5252199.823, 5254090.2553, 5253669.8193, 5255577.4991, 5300138.2584))"
2272680681.05,246238.333499,16,15,54,Norman,NORM,107,500,500,226030.601592,2273508123.03,"list(c(268973.7854, 267491.1134, 257821.955, 208882.9512, 210561.4263, 209522.7575, 210430.6999, 209388.2986, 210146.8644, 208761.4043, 210133.7507, 209426.1354, 209767.0868, 208816.1682, 209942.4666, 209296.3057, 210187.8474, 209677.2037, 209075.9697, 210009.8791, 209120.7307, 209824.2634, 208938.9391, 209932.2491, 208983.6924, 210439.6694, 209277.3954, 210700.537, 209403.6026, 210629.8229, 209439.2501, 210214.2988, 208696.6643, 210314.3986, 209003.338, 209861.9007, 209478.2626, 210296.1214, 210253.7816, 
209567.1886, 210300.6749, 209337.1927, 210185.2886, 209120.7563, 207968.1025, 209319.0898, 208559.3712, 209470.8579, 208756.8583, 209491.9746, 208814.8181, 209534.5391, 209086.3545, 209804.3114, 208553.824, 209765.0787, 208895.813, 210147.7252, 268973.7854, 5265202.4236, 5226587.0727, 5226916.1995, 5229056.3419, 5230503.3052, 5231900.3458, 5232825.5182, 5232846.011, 5233526.5575, 5233764.8887, 5234662.2229, 5235335.5963, 5236894.1953, 5236805.9925, 5237460.7683, 5238296.7069, 5238158.7797, 5239214.5313, 
5238994.5555, 5239719.9687, 5240175.4055, 5241446.4422, 5241505.0531, 5241936.5663, 5242523.3103, 5246269.2073, 5247479.0914, 5248684.2802, 5248806.4723, 5249939.8585, 5250934.8026, 5251792.4595, 5253175.1718, 5253574.1588, 5253875.163, 5254110.1858, 5254849.3361, 5254765.8584, 5255925.9336, 5256142.7809, 5256725.2512, 5257472.366, 5258060.8939, 5257885.0672, 5258977.4427, 5259644.0731, 5259928.2356, 5260402.6351, 5260839.7965, 5262852.3426, 5263211.3759, 5263511.9088, 5264852.2523, 5265582.9144, 
5265616.5317, 5266182.9211, 5267032.4031, 5267787.2307, 5265202.4236))"
1511642039.7,155437.856006,17,16,44,Mahnomen,MAHN,87,500,500,155428.00313,1509833071.45,"list(c(307853.3488, 306595.4932, 267491.1134, 268973.7854, 307853.3488, 5263894.6728, 5225162.7554, 5226587.0727, 5265202.4236, 5263894.6728))"
6249034272.38,463397.313737,18,17,11,Cass,CASS,21,500,500,430231.602737,6254481555.49,"list(c(373992.8346, 393178.6726, 393234.3966, 394781.6396, 396091.7058, 400233.5506, 415769.742, 417489.3863, 422397.7038, 421335.6785, 421244.4006, 422442.2496, 426417.1716, 428787.9326, 430204.0943, 430994.0041, 432519.9852, 432766.6495, 433670.1509, 434833.124, 434372.5163, 434958.4012, 435357.8748, 436077.4217, 436337.1044, 437580.1973, 437583.2826, 437843.7182, 438184.8016, 438833.6922, 438429.345, 441491.1368, 440345.1715, 441285.7881, 440706.3591, 440159.5172, 440772.531, 439632.3913, 438507.2816, 
439406.9059, 441377.3392, 441092.1018, 440788.2117, 397568.6796, 397026.1533, 398121.1722, 397769.6024, 396647.3192, 395945.9711, 396495.3919, 395983.7346, 394333.8661, 393593.2717, 392948.1312, 393173.0166, 390204.5235, 387590.1711, 385475.6827, 381813.7616, 376523.5766, 375081.0321, 372790.1702, 371498.9021, 370950.8845, 367710.6167, 366807.9787, 366808.5673, 365283.865, 364319.1417, 363237.6261, 363641.0263, 373341.1665, 373992.8346, 5252100.9025, 5251902.8908, 5255577.4991, 5253669.8193, 5254090.2553, 
5252199.823, 5259195.1138, 5258862.5905, 5251271.4637, 5250195.2337, 5247422.5707, 5244742.5858, 5243187.6339, 5239941.8799, 5239768.6358, 5238709.9875, 5239705.1037, 5241835.8883, 5240687.611, 5240537.3147, 5241182.2033, 5241343.7406, 5240435.294, 5240740.1372, 5239579.1981, 5239260.0245, 5239949.2692, 5238885.204, 5239437.8734, 5238813.9138, 5239745.2986, 5239347.4259, 5237850.6709, 5236461.5165, 5234981.5508, 5235152.3849, 5234503.3638, 5234301.8504, 5232387.5371, 5229987.9587, 5228914.2059, 5208823.7399, 
5183546.8279, 5184411.2207, 5165076.3215, 5165059.6658, 5127095.8616, 5125787.4163, 5126029.0795, 5126771.6133, 5127756.495, 5127977.4378, 5129359.6335, 5128708.2569, 5129545.2602, 5131962.2745, 5131879.434, 5130049.2459, 5128836.0163, 5131969.9032, 5131623.0048, 5134104.5972, 5135469.0733, 5134341.3767, 5134466.168, 5136463.1078, 5138188.3715, 5137655.2857, 5139528.8774, 5139370.4052, 5184930.305, 5184691.3016, 5252100.9025))"
2588109756.51,214722.865732,19,18,29,Hubbard,HUBB,57,500,500,213074.187736,2583691806.81,"list(c(335324.0175, 373992.8346, 373341.1665, 363641.0263, 334960.7858, 335556.3869, 336068.9776, 335070.7959, 335324.0175, 5253328.2802, 5252100.9025, 5184691.3016, 5184930.305, 5185728.4999, 5224408.5092, 5243619.7816, 5243654.3624, 5253328.2802))"
2729111866.95,284392.086735,20,19,14,Clay,CLAY,27,500,500,252145.761069,2730789585.98,"list(c(208882.9512, 257821.955, 257107.8052, 258596.7874, 257396.4117, 257158.4478, 248840.0994, 210306.5562, 209260.5758, 210272.5685, 209169.1103, 209990.6837, 209464.1838, 210332.8059, 209810.1965, 210648.708, 210194.6257, 210958.6338, 210276.2297, 211161.1622, 210691.1262, 211236.9982, 210586.5262, 211524.3426, 210657.1507, 211734.8197, 210708.0185, 211159.7781, 210134.3899, 210943.3695, 209877.237, 210405.4088, 209907.6205, 210833.2994, 211691.9637, 210678.2307, 211349.2586, 211239.6786, 212127.5612, 
211683.6528, 212362.6589, 211443.3099, 212157.6649, 211887.145, 212871.0307, 212340.1382, 213500.4804, 214118.0038, 213500.99, 214268.6283, 213371.1851, 214015.3861, 213563.462, 211947.4071, 211358.8699, 211388.8532, 210479.2659, 211301.6511, 209232.1548, 209541.0037, 208147.8755, 208992.246, 210124.4141, 209224.7719, 210371.7879, 209593.3062, 210019.3619, 209273.9124, 210050.2582, 209139.6168, 209951.4879, 210038.0025, 209297.9123, 210321.7393, 210369.1399, 209535.3642, 210293.7852, 210464.0056, 
208927.9977, 210250.2029, 209507.69, 209737.1919, 208882.9512, 5229056.3419, 5226916.1995, 5207605.3602, 5207546.0001, 5178706.6725, 5169015.3233, 5169364.7244, 5171039.3915, 5170983.8869, 5172176.5969, 5175240.5813, 5175758.0654, 5176445.2166, 5176252.969, 5176967.9644, 5177204.5989, 5179226.8311, 5180655.4532, 5180907.5418, 5181314.8939, 5183582.225, 5183766.959, 5185105.2143, 5185604.2465, 5186140.0626, 5186217.3989, 5186715.1584, 5187477.0219, 5187374.2154, 5188312.0043, 5189623.4915, 5190804.011, 
5191243.0961, 5193018.3534, 5192754.1609, 5193604.9576, 5193572.5239, 5194468.7532, 5194180.9023, 5194959.6131, 5195572.7763, 5195995.7863, 5195916.7558, 5198702.8479, 5198677.6799, 5200496.2459, 5202879.3016, 5202548.9588, 5203525.1803, 5203621.9577, 5203999.1892, 5204068.4407, 5204825.1538, 5203744.8789, 5204196.5658, 5206233.1727, 5206355.7797, 5208366.8174, 5208930.9238, 5212622.5122, 5213069.5977, 5214677.5807, 5214932.7203, 5215844.4538, 5216508.638, 5216355.797, 5217472.5646, 5217424.9757, 
5218053.8022, 5219052.696, 5219107.1566, 5220617.1114, 5220574.3976, 5221007.8606, 5222031.144, 5222153.3784, 5222467.5069, 5224283.8117, 5225868.1651, 5226739.3148, 5226645.8499, 5228530.5291, 5229056.3419))"
3743637660.5,253749.787038,21,20,3,Becker,BECK,5,500,500,253093.929858,3731086034.26,"list(c(257821.955, 267491.1134, 306595.4932, 335556.3869, 334960.7858, 334634.681, 257396.4117, 258596.7874, 257107.8052, 257821.955, 5226916.1995, 5226587.0727, 5225162.7554, 5224408.5092, 5185728.4999, 5176062.4673, 5178706.6725, 5207546.0001, 5207605.3602, 5226916.1995))"
5162997498.2,309913.602796,22,21,1,Aitkin,AITK,1,500,500,308738.024365,5179101953.86,"list(c(441092.1018, 495747.3989, 495302.8157, 495769.7477, 495834.0228, 466657.8563, 466796.7885, 438623.8133, 437509.9849, 437842.2572, 440428.7312, 440788.2117, 441092.1018, 5208823.7399, 5208109.9652, 5179229.6113, 5140613.2201, 5111638.3511, 5111261.0935, 5121475.9666, 5121376.0983, 5122463.4079, 5159295.1076, 5159825.8458, 5183546.8279, 5208823.7399))"
1406725199.8,165502.774212,23,22,80,Wadena,WADE,159,500,500,161852.972332,1408329205.13,"list(c(363641.0263, 363237.6261, 364319.1417, 365283.865, 366808.5673, 366807.9787, 334203.3551, 334634.681, 334960.7858, 363641.0263, 5184930.305, 5139370.4052, 5139528.8774, 5137655.2857, 5138188.3715, 5136463.1078, 5137292.5424, 5176062.4673, 5185728.4999, 5184930.305))"
2993867573.11,241504.978784,24,23,18,Crow Wing,CROW,35,500,500,238069.909984,2992681819.66,"list(c(396647.3192, 397769.6024, 398121.1722, 397026.1533, 397568.6796, 440788.2117, 440428.7312, 437842.2572, 437509.9849, 438623.8133, 437492.2783, 437431.2992, 393853.3616, 394597.3771, 392426.911, 392493.0397, 395557.8506, 396647.3192, 5125787.4163, 5127095.8616, 5165059.6658, 5165076.3215, 5184411.2207, 5183546.8279, 5159825.8458, 5159295.1076, 5122463.4079, 5121376.0983, 5121376.7737, 5111764.8552, 5112421.6408, 5114855.7286, 5118319.7754, 5120375.7987, 5123332.8163, 5125787.4163))"
2265127051.87,195060.553818,25,24,9,Carlton,CARL,17,500,500,194405.364656,2255200542.27,"list(c(495302.8157, 553330.8284, 553470.6938, 554148.542, 554342.2091, 495769.7477, 495302.8157, 5179229.6113, 5179198.8421, 5168011.8027, 5167985.0414, 5140666.3736, 5140613.2201, 5179229.6113))"
5762613946.28,310278.659951,26,25,56,Otter Tail,OTTE,111,500,500,309654.83716,5773526993.45,"list(c(334634.681, 334203.3551, 334042.2989, 334697.2664, 334164.0984, 285950.1026, 247654.1056, 248478.1184, 247311.6956, 248840.0994, 257158.4478, 257396.4117, 334634.681, 5176062.4673, 5137292.5424, 5127682.5253, 5127659.5567, 5108148.5207, 5109723.4241, 5111306.5158, 5130588.6, 5130636.3852, 5169364.7244, 5169015.3233, 5178706.6725, 5176062.4673))"
1947313196.84,271418.992614,27,26,84,Wilkin,WILK,167,500,500,229621.350294,1949047786.02,"list(c(210306.5562, 248840.0994, 247311.6956, 248478.1184, 247654.1056, 247193.1168, 223162.5013, 225189.4345, 224383.3791, 224912.9244, 224016.8614, 223524.074, 223998.8646, 223354.5538, 223919.4572, 222696.9455, 223547.1528, 222973.8427, 222578.3057, 223761.4853, 222548.0611, 222945.5226, 220711.7268, 219532.0234, 219735.5282, 217976.8784, 218024.8216, 217444.6963, 217104.061, 216434.7477, 216786.2658, 215542.1863, 216209.5486, 215305.8273, 215512.8637, 214541.3452, 214099.8141, 214842.3943, 214150.5815, 
214986.5081, 214165.5692, 214828.5569, 213005.6917, 213508.7432, 212844.9435, 213582.758, 212754.1325, 213362.4157, 212487.9566, 213354.7892, 212498.5957, 213229.0836, 212219.951, 213242.0148, 212419.3358, 212932.9141, 212097.2408, 212915.0361, 211848.9743, 212654.2515, 211740.9561, 212309.9524, 211120.2997, 211414.7483, 210608.2038, 211282.6987, 210026.4514, 210775.0407, 209756.4193, 210306.5562, 5171039.3915, 5169364.7244, 5130636.3852, 5130588.6, 5111306.5158, 5101650.4712, 5102728.2693, 5109522.5866, 
5112984.382, 5113165.1031, 5114089.6048, 5117084.679, 5119047.5641, 5119248.1877, 5119600.66, 5119791.5, 5123428.1122, 5123520.079, 5127279.9359, 5128021.1008, 5129388.6117, 5137027.9302, 5139838.2823, 5139473.5908, 5140726.0155, 5142302.5436, 5144038.0711, 5144037.1669, 5145897.6989, 5145893.2956, 5146665.6507, 5146830.6285, 5147608.5447, 5147162.2605, 5149307.6096, 5148989.2663, 5149668.8128, 5149769.0285, 5150646.1117, 5151871.5653, 5152652.9611, 5153227.4661, 5154020.1219, 5156070.2812, 5156406.5132, 
5156846.3545, 5160292.1257, 5160785.1872, 5160945.7622, 5161220.7239, 5161359.9548, 5161687.1375, 5162780.3229, 5163538.8168, 5164376.4024, 5164817.9619, 5165081.6066, 5165577.0655, 5165577.119, 5166021.6375, 5166498.4154, 5167056.222, 5167187.5961, 5168326.0738, 5168433.9078, 5169330.0913, 5169871.9438, 5170466.6207, 5170474.1786, 5171039.3915))"
3711641895.98,273980.841952,28,27,58,Pine,PINE,115,500,500,270920.524692,3714951614.26,"list(c(495769.7477, 554342.2091, 554591.254, 551595.6899, 550180.4197, 548559.4476, 545612.3075, 544228.8944, 541108.4748, 536776.6163, 534879.6149, 534725.0234, 527999.7603, 527981.9885, 526663.1913, 525083.228, 522676.0991, 520320.4707, 520188.7411, 518240.8045, 518818.1723, 517371.702, 516747.9193, 512377.2539, 488947.3086, 488938.7287, 495729.4808, 495834.0228, 495769.7477, 5140613.2201, 5140666.3736, 5102553.6033, 5101229.9888, 5095994.5415, 5095816.364, 5097245.0241, 5096899.6538, 5091274.7082, 
5092364.1178, 5090589.0813, 5088773.2544, 5086796.3359, 5085728.4072, 5085710.0641, 5083695.4934, 5082412, 5078751.7449, 5077001.6693, 5075206.7904, 5072585.4889, 5070741.3488, 5067871.2327, 5064072.6972, 5064129.418, 5091943.3569, 5091960.7085, 5111638.3511, 5140613.2201))"
2536466004.04,212632.125744,29,28,77,Todd,TODD,153,500,500,210434.348437,2530288559.41,"list(c(366807.9787, 367710.6167, 370950.8845, 371498.9021, 372790.1702, 372190.2885, 333640.0466, 334164.0984, 334697.2664, 334042.2989, 334203.3551, 366807.9787, 5136463.1078, 5134466.168, 5134341.3767, 5135469.0733, 5134104.5972, 5070249.3787, 5071102.3682, 5108148.5207, 5127659.5567, 5127682.5253, 5137292.5424, 5136463.1078))"
2985702604.65,285312.600437,30,29,49,Morrison,MORR,97,500,500,278932.128012,3000553921.1,"list(c(372790.1702, 375081.0321, 376523.5766, 381813.7616, 385475.6827, 387590.1711, 390204.5235, 393173.0166, 392948.1312, 393593.2717, 394333.8661, 395983.7346, 396495.3919, 395945.9711, 396647.3192, 395557.8506, 392493.0397, 392426.911, 394597.3771, 393853.3616, 437431.2992, 437240.3073, 440435.3877, 440689.4763, 394894.0541, 396817.5157, 397897.5231, 398314.907, 401135.6492, 372190.2885, 372790.1702, 5134104.5972, 5131623.0048, 5131969.9032, 5128836.0163, 5130049.2459, 5131879.434, 5131962.2745, 
5129545.2602, 5128708.2569, 5129359.6335, 5127977.4378, 5127756.495, 5126771.6133, 5126029.0795, 5125787.4163, 5123332.8163, 5120375.7987, 5118319.7754, 5114855.7286, 5112421.6408, 5111764.8552, 5092487.4365, 5092390.7289, 5074578.2996, 5075187.3436, 5072709.3174, 5072698.314, 5071187.2999, 5069817.5914, 5070249.3787, 5134104.5972))"
1763343636.46,210848.374841,31,30,48,Mille Lacs,MILL,95,500,500,210820.046208,1762914707.61,"list(c(438623.8133, 466796.7885, 466657.8563, 466501.9818, 459868.7658, 460041.0287, 460144.8249, 440741.3103, 440689.4763, 440435.3877, 437240.3073, 437431.2992, 437492.2783, 438623.8133, 5121376.0983, 5121475.9666, 5111261.0935, 5092081.2926, 5092147.9803, 5064660.7197, 5045148.7891, 5045399.1893, 5074578.2996, 5092390.7289, 5092487.4365, 5111764.8552, 5121376.7737, 5121376.0983))"
1381133330.17,165701.567017,32,31,33,Kanabec,KANA,65,500,500,165674.188298,1369215594.66,"list(c(495834.0228, 495729.4808, 488938.7287, 488947.3086, 460041.0287, 459868.7658, 466501.9818, 466657.8563, 495834.0228, 5111638.3511, 5091960.7085, 5091943.3569, 5064129.418, 5064660.7197, 5092147.9803, 5092081.2926, 5111261.0935, 5111638.3511))"
1491540959.28,156098.498512,33,32,26,Grant,GRAN,51,500,500,155266.31075,1489430355.62,"list(c(285950.1026, 285481.839, 246948.079, 247729.153, 246797.1109, 247193.1168, 247654.1056, 285950.1026, 5109723.4241, 5071071.0515, 5072515.4207, 5091935.4808, 5091972.576, 5101650.4712, 5111306.5158, 5109723.4241))"
1865384049.38,175107.832368,34,33,21,Douglas,DOUG,41,500,500,173702.200528,1862910189.27,"list(c(334164.0984, 333640.0466, 333605.0498, 285481.839, 285950.1026, 334164.0984, 5108148.5207, 5071102.3682, 5069494.3602, 5071071.0515, 5109723.4241, 5108148.5207))"
1518752168.08,179570.9701,35,34,78,Traverse,TRAV,155,500,500,177420.444971,1516257081.55,"list(c(247193.1168, 246797.1109, 247729.153, 246948.079, 246241.248, 200809.776, 199176.657, 200887.6042, 215069.4581, 218017.9141, 221823.8965, 223973.4764, 223162.5013, 247193.1168, 5101650.4712, 5091972.576, 5091935.4808, 5072515.4207, 5053148.7104, 5055218.9706, 5057510.6237, 5062054.6303, 5071540.5303, 5076700.3434, 5080622.4709, 5094178.6324, 5102728.2693, 5101650.4712))"
1069262615.64,146833.77474,36,35,5,Benton,BENT,9,500,500,144622.848115,1063608284.25,"list(c(401135.6492, 398314.907, 397897.5231, 396817.5157, 394894.0541, 440689.4763, 440741.3103, 410299.5875, 406164.787, 406736.2586, 407935.1439, 406312.2469, 405841.0993, 404697.699, 405463.8884, 402026.3899, 401135.6492, 5069817.5914, 5071187.2999, 5072698.314, 5072709.3174, 5075187.3436, 5074578.2996, 5045399.1893, 5045704.6731, 5052464.1317, 5058080.1881, 5059050.2033, 5059033.1951, 5061502.2159, 5062776.2216, 5064196.2389, 5066193.2437, 5069817.5914))"
1490696116.41,156209.153946,37,36,75,Stevens,STEV,149,500,500,155383.002507,1492242848.45,"list(c(285481.839, 285018.1479, 256101.1905, 246381.2891, 247146.159, 246241.248, 246948.079, 285481.839, 5071071.0515, 5032423.9384, 5033451.2773, 5033912.4455, 5053118.4509, 5053148.7104, 5072515.4207, 5071071.0515))"
3598799999.27,280202.967751,38,37,73,Stearns,STEA,145,500,500,268558.098013,3596962461.68,"list(c(372190.2885, 401135.6492, 402026.3899, 405463.8884, 404697.699, 405841.0993, 406312.2469, 407935.1439, 406736.2586, 406164.787, 410299.5875, 410912.0395, 413811.8375, 413835.8542, 416639.7683, 417743.2712, 418128.8297, 417334.0643, 414977.5358, 415318.9573, 414150.6569, 414393.4815, 408907.835, 407945.4275, 406393.465, 401802.6939, 401095.1071, 391506.1296, 391576.059, 361829.9022, 362054.7825, 333187.5213, 333605.0498, 333640.0466, 372190.2885, 5070249.3787, 5069817.5914, 5066193.2437, 5064196.2389, 
5062776.2216, 5061502.2159, 5059033.1951, 5059050.2033, 5058080.1881, 5052464.1317, 5045704.6731, 5038351.0061, 5035616.9907, 5033992.9776, 5031505.9647, 5031798.9699, 5030374.0949, 5030272.8941, 5025713.7881, 5024259.5897, 5022730.5736, 5021576.1273, 5017074.5409, 5017127.0383, 5019074.3003, 5017960.776, 5015267.7803, 5015298.7414, 5020161.7907, 5020691.9038, 5030326.0139, 5030995.0588, 5069494.3602, 5071102.3682, 5070249.3787))"
1857325332.12,174959.867271,39,38,61,Pope,POPE,121,500,500,173491.05576,1857917520.08,"list(c(333605.0498, 333187.5213, 323546.4135, 285018.1479, 285481.839, 333605.0498, 5069494.3602, 5030995.0588, 5031276.9606, 5032423.9384, 5071071.0515, 5069494.3602))"
1168461203.7,147529.570664,40,39,30,Isanti,ISAN,59,500,500,147505.879033,1173470758,"list(c(488947.3086, 488923.9696, 498286.1631, 498466.8866, 460092.7392, 460144.8249, 460041.0287, 488947.3086, 5064129.418, 5044947.5358, 5044860.4364, 5028687.6208, 5029161.7606, 5045148.7891, 5064660.7197, 5064129.418))"
1145381612.05,169467.460145,41,40,13,Chisago,CHIS,25,500,500,167314.325729,1140231941.78,"list(c(512377.2539, 510180.0279, 508616.6091, 509070.1009, 510059.8214, 513789.3919, 517930.4578, 521384.7225, 521348.3802, 524998.0211, 527088.5097, 527638.3476, 527360.3881, 523283.6023, 523134.1969, 519962.1076, 498469.8241, 498466.8866, 498286.1631, 488923.9696, 488947.3086, 512377.2539, 5064072.6972, 5062676.5502, 5054189.8711, 5046889.0982, 5046012.7184, 5045281.4119, 5045958.9814, 5043100.4644, 5040139.6123, 5034585.0438, 5033594.0222, 5032073.1636, 5027280.564, 5022816.3639, 5019266.7369, 
5015887.5275, 5015935.7616, 5028687.6208, 5044860.4364, 5044947.5358, 5064129.418, 5064072.6972))"
1368994098.16,195323.354241,42,41,6,Big Stone,BIGS,11,500,500,185056.293186,1369347237.57,"list(c(200809.776, 246241.248, 247146.159, 246381.2891, 256101.1905, 255256.251, 256402.8536, 256133.7046, 253384.4579, 252532.2092, 250784.596, 246910.7467, 243477.4814, 242758.1377, 241719.8138, 240006.1875, 235306.7657, 232698.8115, 231794.9411, 229132.3578, 229269.9054, 226723.5366, 224251.0835, 216747.0492, 211280.4147, 208163.2068, 206082.8813, 200809.776, 5055218.9706, 5053148.7104, 5053118.4509, 5033912.4455, 5033451.2773, 5014336.8739, 5014292.8472, 5007267.7056, 5009485.9601, 5008877.907, 
5009257.2662, 5012537.1904, 5012777.1218, 5013029.9741, 5015913.0521, 5015795.4321, 5017473.929, 5017099.0018, 5018386.2905, 5018631.084, 5022166.9055, 5028541.5896, 5030716.6851, 5034749.9695, 5035734.1006, 5040692.7715, 5047611.5424, 5055218.9706))"
1166570841.92,161631.454883,43,42,71,Sherburne,SHER,141,500,500,156887.753598,1165380133.72,"list(c(440741.3103, 460144.8249, 460092.7392, 459790.3303, 459105.6928, 456677.7113, 455708.8196, 454420.7316, 447535.4714, 446264.5064, 440519.8384, 436960.3475, 434881.1821, 431868.1379, 428227.994, 426031.7733, 425079.5777, 422845.5269, 419983.3741, 418128.8297, 417743.2712, 416639.7683, 413835.8542, 413811.8375, 410912.0395, 410299.5875, 440741.3103, 5045399.1893, 5045148.7891, 5029161.7606, 5010411.1468, 5010507.6438, 5012571.6477, 5016620.6803, 5015574.1358, 5016016.6548, 5017003.6683, 5016020.6463, 
5017868.7185, 5020467.7823, 5021127.9101, 5025996.9043, 5026176.9163, 5025391.9126, 5027811.945, 5028322.9482, 5030374.0949, 5031798.9699, 5031505.9647, 5033992.9776, 5035616.9907, 5038351.0061, 5045704.6731, 5045399.1893))"
1948379798.34,193514.513965,44,43,76,Swift,SWIF,151,500,500,191813.321196,1946738531.05,"list(c(285018.1479, 323546.4135, 323409.9085, 261296.2908, 256133.7046, 256402.8536, 255256.251, 256101.1905, 285018.1479, 5032423.9384, 5031276.9606, 5002337.6051, 5004336.8568, 5007267.7056, 5014292.8472, 5014336.8739, 5033451.2773, 5032423.9384))"
2233379332.18,194214.053287,45,44,34,Kandiyohi,KAND,67,500,500,193081.497969,2221827546.06,"list(c(333187.5213, 362054.7825, 361829.9022, 361177.0972, 322444.4139, 323409.9085, 323546.4135, 333187.5213, 5030995.0588, 5030326.0139, 5020691.9038, 4972464.8873, 4973342.8991, 5002337.6051, 5031276.9606, 5030995.0588))"
1850178368.61,217797.56931300001,46,45,86,Wright,WRIG,171,500,500,199900.487743,1855565895.38,"list(c(418128.8297, 419983.3741, 422845.5269, 425079.5777, 426031.7733, 428227.994, 431868.1379, 434881.1821, 436960.3475, 440519.8384, 446264.5064, 447535.4714, 454420.7316, 455708.8196, 456677.7113, 459105.6928, 459599.4852, 458493.6279, 457383.3549, 455279.1058, 453484.6064, 453122.1061, 452537.7495, 450587.2857, 449920.551, 448394.4092, 449812.0153, 446357.755, 444901.9328, 441909.8155, 440046.9587, 439502.6123, 420193.666, 400978.7867, 401095.1071, 401802.6939, 406393.465, 407945.4275, 408907.835, 
414393.4815, 414150.6569, 415318.9573, 414977.5358, 417334.0643, 418128.8297, 5030374.0949, 5028322.9482, 5027811.945, 5025391.9126, 5026176.9163, 5025996.9043, 5021127.9101, 5020467.7823, 5017868.7185, 5016020.6463, 5017003.6683, 5016016.6548, 5015574.1358, 5016620.6803, 5012571.6477, 5010507.6438, 5009684.1345, 5007796.0681, 5008919.6405, 5007365.1991, 5007375.1888, 5006159.6698, 5006786.1751, 5005628.5236, 5006488.9689, 5005081.4734, 5001547.4027, 4999943.1166, 4998337.653, 4992208.7249, 4992275.293, 
4980761.1934, 4981062.2853, 4981431.3256, 5015267.7803, 5017960.776, 5019074.3003, 5017127.0383, 5017074.5409, 5021576.1273, 5022730.5736, 5024259.5897, 5025713.7881, 5030272.8941, 5030374.0949))"
1153667758.14,154027.000771,47,46,2,Anoka,ANOK,3,500,500,152773.915958,1153361307.91,"list(c(498466.8866, 498469.8241, 498401.869, 482075.7508, 482129.8272, 477686.7495, 478102.3198, 476841.8737, 476007.6041, 467641.1505, 466491.7089, 461856.0357, 459790.3303, 460092.7392, 498466.8866, 5028687.6208, 5015935.7616, 4996705.6234, 4996804.1084, 4986934.4461, 4986928.4264, 4994460.4827, 4995735.4868, 4998716.5074, 5005097.5651, 5007042.5906, 5008189.616, 5010411.1468, 5029161.7606, 5028687.6208))"
1669263003.58,176326.445928,48,47,47,Meeker,MEEK,93,500,500,175580.258118,1672279917.36,"list(c(401095.1071, 400978.7867, 381588.3832, 381365.4659, 361177.0972, 361829.9022, 391576.059, 391506.1296, 401095.1071, 5015267.7803, 4981431.3256, 4981800.3002, 4972080.0958, 4972464.8873, 5020691.9038, 5020161.7907, 5015298.7414, 5015267.7803))"
2016664272.56,221429.355572,49,48,37,Lac qui Parle,LACQ,73,500,500,198384.345977,2017402028.99,"list(c(243477.4814, 246910.7467, 250784.596, 252532.2092, 253384.4579, 256133.7046, 261296.2908, 263991.3446, 272983.1957, 273075.4145, 273908.0387, 274485.5008, 277279.6483, 277346.6467, 278283.2713, 278353.6459, 280948.0826, 281556.7701, 281775.02, 283392.9253, 284075.1864, 283870.2065, 275156.2049, 274711.199, 227027.508, 229132.3578, 231794.9411, 232698.8115, 235306.7657, 240006.1875, 241719.8138, 242758.1377, 243477.4814, 5012777.1218, 5012537.1904, 5009257.2662, 5008877.907, 5009485.9601, 5007267.7056, 
5004336.8568, 4999795.0446, 4990683.5912, 4989643.7553, 4989641.7396, 4987753.532, 4985930.577, 4982913.6834, 4982512.6311, 4981536.7804, 4980275.1902, 4980899.619, 4980228.7672, 4980510.8384, 4979474.3005, 4974541.0274, 4974877.18, 4965294.1309, 4967128.4104, 5018631.084, 5018386.2905, 5017099.0018, 5017473.929, 5015795.4321, 5015913.0521, 5013029.9741, 5012777.1218))"
1096617091.43,175471.04283,50,49,82,Washington,WASH,163,500,500,172150.698195,1101588184.11,"list(c(519962.1076, 518674.5099, 519482.2897, 518813.8006, 519494.6018, 518271.0317, 519455.1958, 520379.9495, 515515.8986, 515978.9574, 518745.3302, 518180.0604, 519674.3377, 519048.0646, 517798.6721, 518688.2713, 518551.9845, 515408.0729, 515641.4994, 511572.1747, 509197.6697, 505553.0959, 503638.3243, 498795.863, 498250.8399, 499611.5136, 498462.6151, 501254.0884, 501230.9325, 498401.869, 498469.8241, 519962.1076, 5015887.5275, 5014862.3414, 5012520.4305, 5010706.4029, 5007271.9159, 5004102.1642, 
5002300.4317, 4995530.5268, 4990234.879, 4988596.9019, 4985679.6206, 4979882.5227, 4976015.4454, 4972867.5767, 4971653.6867, 4968999.3928, 4964890.9586, 4957237.2755, 4954723.3205, 4954849.3159, 4958009.3289, 4958654.8077, 4957062.3138, 4957980.2982, 4959974.4871, 4962540.2858, 4970810.8366, 4970834.3446, 4996687.4412, 4996705.6234, 5015935.7616, 5015887.5275))"
1570587028.86,190077.767485,51,50,27,Hennepin,HENN,53,500,500,176369.888097,1569322444.56,"list(c(459105.6928, 459790.3303, 461856.0357, 466491.7089, 467641.1505, 476007.6041, 476841.8737, 478102.3198, 477686.7495, 482129.8272, 483603.8354, 484080.9408, 485934.1292, 482631.9977, 479921.3693, 473929.2654, 470055.1018, 469342.1515, 465348.3673, 464575.9604, 461017.4676, 460602.0562, 458853.8551, 458891.8182, 439377.6463, 439502.6123, 440046.9587, 441909.8155, 444901.9328, 446357.755, 449812.0153, 448394.4092, 449920.551, 450587.2857, 452537.7495, 453122.1061, 453484.6064, 455279.1058, 457383.3549, 
458493.6279, 459599.4852, 459105.6928, 5010507.6438, 5010411.1468, 5008189.616, 5007042.5906, 5005097.5651, 4998716.5074, 4995735.4868, 4994460.4827, 4986928.4264, 4986934.4461, 4986947.4449, 4973229.504, 4970564.7644, 4964285.4066, 4961993.8158, 4959777.356, 4959166.0715, 4960635.7695, 4962211.2251, 4961237.8504, 4961325.0596, 4961938.578, 4961371.0229, 4971028.1134, 4971121.1011, 4980761.1934, 4992275.293, 4992208.7249, 4998337.653, 4999943.1166, 5001547.4027, 5005081.4734, 5006488.9689, 5005628.5236, 
5006786.1751, 5006159.6698, 5007375.1888, 5007365.1991, 5008919.6405, 5007796.0681, 5009684.1345, 5010507.6438))"
1523262201.69,221796.0498,52,51,12,Chippewa,CHIP,23,500,500,202922.023677,1527895783.72,"list(c(323409.9085, 322444.4139, 303901.2444, 303484.4015, 302806.5053, 302572.2375, 301696.7587, 301237.9499, 299793.9386, 300215.7136, 302354.1892, 301942.7742, 298727.1943, 299441.8452, 297593.3979, 296600.4799, 293385.6888, 293037.1195, 291996.3648, 291288.9282, 290349.0499, 290671.7355, 288882.3286, 288481.6388, 287628.8284, 285155.8298, 285357.2347, 284075.1864, 283392.9253, 281775.02, 281556.7701, 280948.0826, 278353.6459, 278283.2713, 277346.6467, 277279.6483, 274485.5008, 273908.0387, 273075.4145, 
272983.1957, 263991.3446, 261296.2908, 323409.9085, 5002337.6051, 4973342.8991, 4973809.7602, 4958532.7859, 4958472.3911, 4960408.1302, 4960776.1957, 4959949.1881, 4960713.3738, 4961967.6203, 4962311.2751, 4963163.8471, 4964312.3995, 4965543.5356, 4966515.8618, 4968435.8195, 4969707.0846, 4971478.631, 4972784.7043, 4972456.7331, 4973614.3668, 4974302.4969, 4974984.4072, 4976314.2284, 4975580.0041, 4976264.2563, 4977818.0152, 4979474.3005, 4980510.8384, 4980228.7672, 4980899.619, 4980275.1902, 4981536.7804, 
4982512.6311, 4982913.6834, 4985930.577, 4987753.532, 4989641.7396, 4989643.7553, 4990683.5912, 4999795.0446, 5004336.8568, 5002337.6051))"
440051120.215,93800.3374509,53,52,62,Ramsey,RAMS,123,500,500,91861.9471807,437449892.28,"list(c(498401.869, 501230.9325, 501254.0884, 498462.6151, 495891.8506, 492729.9841, 489824.9387, 487917.3876, 485934.1292, 484080.9408, 483603.8354, 482129.8272, 482075.7508, 498401.869, 4996705.6234, 4996687.4412, 4970834.3446, 4970810.8366, 4974015.0047, 4974430.3689, 4974012.2065, 4971138.3999, 4970564.7644, 4973229.504, 4986947.4449, 4986934.4461, 4996804.1084, 4996705.6234))"
1308594128.88,155344.616742,54,53,43,McLeod,MCLE,85,500,500,154794.590797,1312536721.55,"list(c(400978.7867, 420193.666, 419972.5991, 400695.5446, 400471.7348, 384390.5207, 381183.4403, 381370.565, 381365.4659, 381588.3832, 400978.7867, 4981431.3256, 4981062.2853, 4952055.9538, 4952363.0909, 4942640.1114, 4942873.0487, 4942925.0362, 4952646.0738, 4972080.0958, 4981800.3002, 4981431.3256))"
973067365.477,156241.585289,55,54,10,Carver,CARV,19,500,500,151667.524608,974419415.404,"list(c(439502.6123, 439377.6463, 458891.8182, 458853.8551, 454297.4418, 453957.9441, 452577.1186, 452870.5314, 450852.0172, 451809.4367, 451385.716, 450851.4904, 450031.0813, 449884.1151, 450531.7148, 451026.1613, 449979.3735, 446519.9997, 444643.1148, 442846.4442, 443280.3251, 439759.2374, 439979.4293, 439067.7929, 439125.7243, 429552.0703, 429617.9356, 419972.5991, 420193.666, 439502.6123, 4980761.1934, 4971121.1011, 4971028.1134, 4961371.0229, 4960312.2738, 4958911.0882, 4958982.2125, 4957991.3596, 
4956873.3312, 4955777.431, 4955225.1602, 4955762.4455, 4954091.3097, 4952490.0051, 4952465.5675, 4950617.7297, 4949459.3341, 4949030.274, 4946459.3937, 4945873.2714, 4945138.0341, 4943684.1808, 4942634.7883, 4943278.8836, 4946979.9361, 4947058.9425, 4951918.9452, 4952055.9538, 4981062.2853, 4980761.1934))"
1977563333.35,266948.863105,56,55,87,Yellow Medicine,YELL,173,500,500,257238.314564,1979883491.99,"list(c(284075.1864, 285357.2347, 285155.8298, 287628.8284, 288481.6388, 288882.3286, 290671.7355, 290349.0499, 291288.9282, 291996.3648, 293037.1195, 293385.6888, 296600.4799, 297593.3979, 299441.8452, 298727.1943, 301942.7742, 302354.1892, 300215.7136, 299793.9386, 301237.9499, 301696.7587, 302572.2375, 302806.5053, 303484.4015, 304185.5537, 305367.4333, 306656.3218, 308929.433, 310154.2778, 310047.9171, 312996.1161, 312494.7534, 293875.8916, 293125.4162, 293450.4433, 254673.1337, 226207.4125, 227027.508, 
274711.199, 275156.2049, 283870.2065, 284075.1864, 4979474.3005, 4977818.0152, 4976264.2563, 4975580.0041, 4976314.2284, 4974984.4072, 4974302.4969, 4973614.3668, 4972456.7331, 4972784.7043, 4971478.631, 4969707.0846, 4968435.8195, 4966515.8618, 4965543.5356, 4964312.3995, 4963163.8471, 4962311.2751, 4961967.6203, 4960713.3738, 4959949.1881, 4960776.1957, 4960408.1302, 4958472.3911, 4958532.7859, 4958700.3871, 4957109.4062, 4957383.465, 4956149.1359, 4955045.161, 4953953.1776, 4952177.4306, 4934753.5398, 
4935412.306, 4935440.1588, 4945141.7488, 4946556.4446, 4947791.4559, 4967128.4104, 4965294.1309, 4974877.18, 4974541.0274, 4979474.3005))"
1517492273.57,187946.951436,57,56,19,Dakota,DAKO,37,500,500,182524.233954,1519815349.2,"list(c(498462.6151, 499611.5136, 498250.8399, 498795.863, 503638.3243, 505553.0959, 509197.6697, 511572.1747, 515641.4994, 521204.5955, 521238.6145, 516451.536, 516471.5527, 506435.3676, 506433.0376, 503721.5427, 503070.9355, 501668.3164, 500274.2894, 496879.7628, 496870.2737, 477589.1902, 477648.1366, 477940.0921, 474725.0607, 474800.0189, 474019.916, 473929.2654, 479921.3693, 482631.9977, 485934.1292, 487917.3876, 489824.9387, 492729.9841, 495891.8506, 498462.6151, 4970810.8366, 4962540.2858, 4959974.4871, 
4957980.2982, 4957062.3138, 4958654.8077, 4958009.3289, 4954849.3159, 4954723.3205, 4951185.7306, 4941825.1606, 4941836.1656, 4932235.6257, 4932224.0819, 4929542.5029, 4928286.2096, 4929213.815, 4928838.6299, 4929658.0806, 4929154.5328, 4924283.9632, 4924335.7564, 4932333.8438, 4941973.9458, 4941964.9283, 4951619.0251, 4951623.3568, 4959777.356, 4961993.8158, 4964285.4066, 4970564.7644, 4971138.3999, 4974012.2065, 4974430.3689, 4974015.0047, 4970810.8366))"
2556556344.22,264508.74665,58,57,65,Renville,RENV,129,500,500,242922.468301,2556594546.8,"list(c(322444.4139, 361177.0972, 381365.4659, 381370.565, 370936.5945, 370780.9327, 358342.0179, 356332.5484, 356965.5114, 356048.5127, 355647.0942, 352661.1003, 352723.6569, 351684.0476, 350465.7681, 349817.6823, 349182.4568, 347396.1559, 345995.9033, 346003.6144, 345544.059, 343651.5267, 343545.7378, 342922.5894, 342011.5808, 339858.183, 340148.0803, 339226.3679, 339075.109, 337179.761, 335823.8704, 334571.906, 333356.4656, 333579.1423, 334183.3, 333256.8952, 332937.5086, 330731.873, 329336.0353, 
326609.1172, 322079.2721, 320201.7334, 318173.0788, 316737.1617, 316571.3524, 312996.1161, 310047.9171, 310154.2778, 308929.433, 306656.3218, 305367.4333, 304185.5537, 303484.4015, 303901.2444, 322444.4139, 4973342.8991, 4972464.8873, 4972080.0958, 4952646.0738, 4952763.0883, 4923805.882, 4924074.2757, 4925197.3061, 4925556.7697, 4925795.4855, 4927285.5691, 4927941.104, 4928587.6148, 4928884.5739, 4931046.7481, 4930503.1136, 4931465.8522, 4931028.0075, 4931871.7247, 4932626.2009, 4932103.5207, 4932971.5012, 
4933761.7274, 4933238.5147, 4934423.0996, 4934123.0947, 4934938.9969, 4934459.1707, 4935311.6475, 4935921.0277, 4937464.533, 4937191.1281, 4937557.2777, 4938036.4549, 4938303.6999, 4938243.2223, 4939277.8408, 4940310.3806, 4942461.8004, 4943487.6023, 4948420.4076, 4947601.6027, 4947837.0293, 4949532.0566, 4951391.6729, 4952177.4306, 4953953.1776, 4955045.161, 4956149.1359, 4957383.465, 4957109.4062, 4958700.3871, 4958532.7859, 4973809.7602, 4973342.8991))"
953065244.42,174505.857385,59,58,70,Scott,SCOT,139,500,500,162111.85762,953135799.13,"list(c(473929.2654, 474019.916, 474800.0189, 474725.0607, 477940.0921, 477648.1366, 458357.7355, 427642.1669, 428288.6833, 428592.0622, 429204.6286, 428496.059, 429242.8431, 428430.18, 429134.3068, 428395.3634, 430335.2476, 431653.8504, 431899.2857, 433143.3575, 433013.0732, 433637.7357, 435402.9308, 436600.532, 437240.0068, 438601.888, 438728.2973, 439420.8632, 439067.7929, 439979.4293, 439759.2374, 443280.3251, 442846.4442, 444643.1148, 446519.9997, 449979.3735, 451026.1613, 450531.7148, 449884.1151, 
450031.0813, 450851.4904, 451385.716, 451809.4367, 450852.0172, 452870.5314, 452577.1186, 453957.9441, 454297.4418, 458853.8551, 460602.0562, 461017.4676, 464575.9604, 465348.3673, 469342.1515, 470055.1018, 473929.2654, 4959777.356, 4951623.3568, 4951619.0251, 4941964.9283, 4941973.9458, 4932333.8438, 4932384.7802, 4932613.8447, 4933618.4817, 4932773.5117, 4933021.0888, 4933958.5753, 4935192.1687, 4935678.2173, 4937236.7643, 4937571.1719, 4939527.4519, 4939505.7314, 4941199.0764, 4940796.2777, 4941714.4663, 
4940830.1834, 4942515.9021, 4942693.9011, 4941985.0245, 4943010.2121, 4942171.617, 4942621.7732, 4943278.8836, 4942634.7883, 4943684.1808, 4945138.0341, 4945873.2714, 4946459.3937, 4949030.274, 4949459.3341, 4950617.7297, 4952465.5675, 4952490.0051, 4954091.3097, 4955762.4455, 4955225.1602, 4955777.431, 4956873.3312, 4957991.3596, 4958982.2125, 4958911.0882, 4960312.2738, 4961371.0229, 4961938.578, 4961325.0596, 4961237.8504, 4962211.2251, 4960635.7695, 4959166.0715, 4959777.356))"
1554555075.33,229865.450884,60,59,72,Sibley,SIBL,143,500,500,220966.570876,1551745760.98,"list(c(381370.565, 381183.4403, 384390.5207, 400471.7348, 400695.5446, 419972.5991, 429617.9356, 429552.0703, 439125.7243, 439067.7929, 439420.8632, 438728.2973, 438601.888, 437240.0068, 436600.532, 435402.9308, 433637.7357, 433013.0732, 433143.3575, 431899.2857, 431653.8504, 430335.2476, 428395.3634, 429134.3068, 428430.18, 429242.8431, 428496.059, 429204.6286, 428592.0622, 428288.6833, 427642.1669, 429472.3231, 429460.078, 428603.7909, 429243.5233, 427801.9379, 426166.3828, 427063.1241, 426063.8272, 
370780.9327, 370936.5945, 381370.565, 4952646.0738, 4942925.0362, 4942873.0487, 4942640.1114, 4952363.0909, 4952055.9538, 4951918.9452, 4947058.9425, 4946979.9361, 4943278.8836, 4942621.7732, 4942171.617, 4943010.2121, 4941985.0245, 4942693.9011, 4942515.9021, 4940830.1834, 4941714.4663, 4940796.2777, 4941199.0764, 4939505.7314, 4939527.4519, 4937571.1719, 4937236.7643, 4935678.2173, 4935192.1687, 4933958.5753, 4933021.0888, 4932773.5117, 4933618.4817, 4932613.8447, 4930661.1487, 4928304.1777, 4927989.8044, 
4927502.1318, 4924778.8472, 4924268.8529, 4923664.4151, 4923022.951, 4923805.882, 4952763.0883, 4952646.0738))"
2283213170.53,236152.187717,61,60,64,Redwood,REDW,127,500,500,222032.272272,2282856473.54,"list(c(333579.1423, 333356.4656, 334571.906, 335823.8704, 337179.761, 339075.109, 339226.3679, 340148.0803, 339858.183, 342011.5808, 342922.5894, 343545.7378, 343651.5267, 345544.059, 346003.6144, 345995.9033, 347396.1559, 349182.4568, 349817.6823, 350465.7681, 351684.0476, 351084.557, 331833.107, 331497.5533, 303222.9154, 292756.7792, 293875.8916, 312494.7534, 312996.1161, 316571.3524, 316737.1617, 318173.0788, 320201.7334, 322079.2721, 326609.1172, 329336.0353, 330731.873, 332937.5086, 333256.8952, 
334183.3, 333579.1423, 4938036.4549, 4937557.2777, 4937191.1281, 4937464.533, 4935921.0277, 4935311.6475, 4934459.1707, 4934938.9969, 4934123.0947, 4934423.0996, 4933238.5147, 4933761.7274, 4932971.5012, 4932103.5207, 4932626.2009, 4931871.7247, 4931028.0075, 4931465.8522, 4930503.1136, 4931046.7481, 4928884.5739, 4904919.4902, 4905332.345, 4895709.4744, 4896582.9246, 4896857.5079, 4935412.306, 4934753.5398, 4952177.4306, 4951391.6729, 4949532.0566, 4947837.0293, 4947601.6027, 4948420.4076, 4943487.6023, 
4942461.8004, 4940310.3806, 4939277.8408, 4938243.2223, 4938303.6999, 4938036.4549))"
2019757823.22,233036.602109,62,61,25,Goodhue,GOOD,49,500,500,230258.586948,2021043908.31,"list(c(496870.2737, 496879.7628, 500274.2894, 501668.3164, 503070.9355, 503721.5427, 506433.0376, 506435.3676, 516471.5527, 516451.536, 521238.6145, 521204.5955, 526876.4827, 529172.1377, 530157.2797, 530180.9757, 531617.8062, 532838.5138, 534268.0927, 535886.5053, 538240.1567, 540195.6246, 545175.2522, 553295.5043, 554494.3531, 556377.5162, 560305.599, 545330.0448, 545378.127, 535797.9917, 535889.215, 525678.0932, 496709.6038, 496870.2737, 4924283.9632, 4929154.5328, 4929658.0806, 4928838.6299, 
4929213.815, 4928286.2096, 4929542.5029, 4932224.0819, 4932235.6257, 4941836.1656, 4941825.1606, 4951185.7306, 4945335.979, 4944028.822, 4942385.7576, 4940105.7969, 4939933.0299, 4938610.127, 4938906.1306, 4935038.7851, 4935873.2645, 4934872.0221, 4934874.0152, 4933281.4877, 4931860.5552, 4926039.06, 4922603.9766, 4922614.9647, 4912928.8354, 4912902.812, 4893615.8678, 4893644.6431, 4893722.904, 4924283.9632))"
1421651945.73,155949.141229,63,62,41,Lincoln,LINC,81,500,500,155926.367289,1422947331.41,"list(c(226207.4125, 254673.1337, 254291.5634, 255300.1875, 253997.4422, 224089.7867, 226207.4125, 4947791.4559, 4946556.4446, 4936912.3791, 4936865.5472, 4898328.0538, 4899557.8073, 4947791.4559))"
1869996596.97,175846.3269,64,63,42,Lyon,LYON,83,500,500,175840.364719,1868634809.51,"list(c(254673.1337, 293450.4433, 293125.4162, 293875.8916, 292756.7792, 255175.5253, 253997.4422, 255300.1875, 254291.5634, 254673.1337, 4946556.4446, 4945141.7488, 4935440.1588, 4935412.306, 4896857.5079, 4898265.1821, 4898328.0538, 4936865.5472, 4936912.3791, 4946556.4446))"
1226286585.72,170211.003728,65,64,40,Le Sueur,LESU,79,500,500,161533.628141,1226245040.27,"list(c(458357.7355, 458001.3811, 438656.4258, 438670.3924, 419200.9724, 418396.2313, 419373.5354, 418155.979, 419556.7756, 419188.5087, 420350.9639, 420969.2373, 423435.7367, 424652.6768, 425646.4668, 423840.2356, 424062.8634, 423403.1554, 423923.7071, 423288.5217, 424129.2574, 423101.9652, 424353.7319, 424077.3983, 425192.7589, 426063.8272, 427063.1241, 426166.3828, 427801.9379, 429243.5233, 428603.7909, 429460.078, 429472.3231, 427642.1669, 458357.7355, 4932384.7802, 4893797.4453, 4893927.9375, 
4898745.9698, 4898977.342, 4899225.408, 4900373.4441, 4900968.0802, 4902452.6574, 4902902.5462, 4903324.4521, 4905177.0224, 4906431.3231, 4909959.0117, 4910505.1789, 4912132.2106, 4912985.0041, 4912726.7569, 4913964.2046, 4914899.6878, 4915290.7779, 4915675.389, 4916072.5717, 4917699.5672, 4918156.4845, 4923022.951, 4923664.4151, 4924268.8529, 4924778.8472, 4927502.1318, 4927989.8044, 4928304.1777, 4930661.1487, 4932613.8447, 4932384.7802))"
1335114621,154431.787879,66,65,66,Rice,RICE,131,500,500,154428.6884,1336206939.46,"list(c(458357.7355, 477648.1366, 477589.1902, 496870.2737, 496709.6038, 496328.6015, 467513.4239, 458001.3811, 458357.7355, 4932384.7802, 4932333.8438, 4924335.7564, 4924283.9632, 4893722.904, 4893723.3715, 4893769.855, 4893797.4453, 4932384.7802))"
1600966055.82,225386.416166,67,66,8,Brown,BROW,15,500,500,209308.615855,1598691505.93,"list(c(358342.0179, 357844.0583, 359374.7812, 360839.9265, 362564.3915, 365060.3199, 364566.1514, 365555.2762, 365769.9441, 364869.1919, 365181.1693, 366598.2967, 366481, 368247.4138, 368151.9558, 369409.3352, 369242.8751, 370298.6636, 370678.213, 372742.4442, 374247.1399, 376087.5855, 376895.6163, 379019.5296, 378843.4889, 380395.2711, 381046.2521, 381189.4621, 383301.7518, 384198.4691, 384132.5583, 384974.651, 384917.1397, 384375.1549, 384220.8865, 384915.4693, 385742.8052, 385015.1308, 385720.1574, 
386319.6826, 385789.0735, 387174.0601, 387267.1573, 389780.7296, 390506.8563, 390457.6899, 351168.1448, 331920.1669, 332112.1454, 331497.5533, 331833.107, 351084.557, 351684.0476, 352723.6569, 352661.1003, 355647.0942, 356048.5127, 356965.5114, 356332.5484, 358342.0179, 4924074.2757, 4923581.0407, 4922604.5199, 4923293.6038, 4921538.0467, 4920848.9935, 4919060.4628, 4919596.3801, 4918791.7422, 4918477.4225, 4917957.7895, 4918551.0525, 4917295.8596, 4917704.0891, 4916890.6067, 4917250.7874, 4916570.8383, 
4916643.1075, 4915651.5922, 4915936.9298, 4914353.4232, 4914807.2631, 4913520.0256, 4914162.9005, 4912965.2402, 4912110.1679, 4913013.0831, 4911905.5685, 4909935.5299, 4909984.4844, 4908770.3257, 4908820.5766, 4907927.1573, 4908640.3754, 4908058.4426, 4907164.3189, 4907541.1525, 4906938.0053, 4905799.8013, 4906097.4735, 4905371.6097, 4904711.3019, 4903250.6454, 4901860.3251, 4902151.0765, 4884853.3818, 4885549.1161, 4886021.0841, 4895683.2135, 4895709.4744, 4905332.345, 4904919.4902, 4928884.5739, 
4928587.6148, 4927941.104, 4927285.5691, 4925795.4855, 4925556.7697, 4925197.3061, 4924074.2757))"
1208137729.16,245174.754099,68,67,52,Nicollet,NICO,103,500,500,214704.303374,1209790695.83,"list(c(358342.0179, 370780.9327, 426063.8272, 425192.7589, 424077.3983, 424353.7319, 423101.9652, 424129.2574, 423288.5217, 423923.7071, 423403.1554, 424062.8634, 423840.2356, 425646.4668, 424652.6768, 423435.7367, 420969.2373, 420350.9639, 419188.5087, 419556.7756, 418155.979, 419373.5354, 418396.2313, 419200.9724, 418962.7452, 418143.9279, 418057.0573, 419388.3213, 418765.7254, 418474.0093, 419638.981, 419837.9557, 416547.6125, 415727.8667, 415100.5171, 414149.769, 412717.6077, 411738.196, 412107.2552, 
410967.6613, 411180.3756, 410058.4671, 408660.984, 403056.1836, 402190.3201, 401033.5748, 398718.4172, 398222.0483, 396855.5546, 396383.7473, 396107.0787, 394644.5724, 394576.8727, 394236.941, 393473.2598, 392710.0485, 392702.3445, 391384.9361, 390506.8563, 389780.7296, 387267.1573, 387174.0601, 385789.0735, 386319.6826, 385720.1574, 385015.1308, 385742.8052, 384915.4693, 384220.8865, 384375.1549, 384917.1397, 384974.651, 384132.5583, 384198.4691, 383301.7518, 381189.4621, 381046.2521, 380395.2711, 
378843.4889, 379019.5296, 376895.6163, 376087.5855, 374247.1399, 372742.4442, 370678.213, 370298.6636, 369242.8751, 369409.3352, 368151.9558, 368247.4138, 366481, 366598.2967, 365181.1693, 364869.1919, 365769.9441, 365555.2762, 364566.1514, 365060.3199, 362564.3915, 360839.9265, 359374.7812, 357844.0583, 358342.0179, 4924074.2757, 4923805.882, 4923022.951, 4918156.4845, 4917699.5672, 4916072.5717, 4915675.389, 4915290.7779, 4914899.6878, 4913964.2046, 4912726.7569, 4912985.0041, 4912132.2106, 4910505.1789, 
4909959.0117, 4906431.3231, 4905177.0224, 4903324.4521, 4902902.5462, 4902452.6574, 4900968.0802, 4900373.4441, 4899225.408, 4898977.342, 4896492.559, 4897016.2846, 4895988.5604, 4893463.7825, 4893690.3929, 4892949.7046, 4892715.6287, 4891299.4772, 4890434.7817, 4889507.9596, 4890501.617, 4890051.6007, 4890682.3392, 4891360.5198, 4891931.5975, 4891732.6171, 4892426.9624, 4892503.7699, 4894077.4708, 4894892.4767, 4896675.5504, 4895907.3058, 4898280.1459, 4897581.7725, 4899346.2719, 4898749.1989, 4899721.4988, 
4899770.1226, 4900606.7182, 4900172.9827, 4901170.4949, 4900786.3959, 4901413.9173, 4901320.7148, 4902151.0765, 4901860.3251, 4903250.6454, 4904711.3019, 4905371.6097, 4906097.4735, 4905799.8013, 4906938.0053, 4907541.1525, 4907164.3189, 4908058.4426, 4908640.3754, 4907927.1573, 4908820.5766, 4908770.3257, 4909984.4844, 4909935.5299, 4911905.5685, 4913013.0831, 4912110.1679, 4912965.2402, 4914162.9005, 4913520.0256, 4914807.2631, 4914353.4232, 4915936.9298, 4915651.5922, 4916643.1075, 4916570.8383, 
4917250.7874, 4916890.6067, 4917704.0891, 4917295.8596, 4918551.0525, 4917957.7895, 4918477.4225, 4918791.7422, 4919596.3801, 4919060.4628, 4920848.9935, 4921538.0467, 4923293.6038, 4922604.5199, 4923581.0407, 4924074.2757))"
1421960744.58,176408.176727,69,68,79,Wabasha,WABA,157,500,500,175397.872849,1422130007.92,"list(c(560305.599, 562458.3159, 575131.8887, 576610.4748, 582875.9396, 585797.7495, 586649.6517, 585794.5943, 588024.5739, 588852.4796, 588431.7525, 589879, 591213.5251, 573575.6652, 573694.8334, 554491.6711, 554428.4799, 535889.215, 535797.9917, 545378.127, 545330.0448, 560305.599, 4922603.9766, 4920877.8371, 4917037.6076, 4915499.7431, 4912361.8765, 4909243.4903, 4907033.3796, 4904847.2236, 4903083.4062, 4900439.5249, 4898137.8638, 4894765.8114, 4893962.6482, 4893725.8728, 4884143.1885, 4884065.3379, 
4893655.8577, 4893615.8678, 4912902.812, 4912928.8354, 4922614.9647, 4922603.9766))"
1981870613.57,222729.126366,70,69,7,Blue Earth,BLUE,13,500,500,209716.931221,1983428143.86,"list(c(390506.8563, 391384.9361, 392702.3445, 392710.0485, 393473.2598, 394236.941, 394576.8727, 394644.5724, 396107.0787, 396383.7473, 396855.5546, 398222.0483, 398718.4172, 401033.5748, 402190.3201, 403056.1836, 408660.984, 410058.4671, 411180.3756, 410967.6613, 412107.2552, 411738.196, 412717.6077, 414149.769, 415100.5171, 415727.8667, 416547.6125, 419837.9557, 419638.981, 418474.0093, 418765.7254, 419388.3213, 418057.0573, 418143.9279, 418962.7452, 419200.9724, 438670.3924, 438656.4258, 438297.5328, 
399752.4966, 389963.4695, 390457.6899, 390506.8563, 4902151.0765, 4901320.7148, 4901413.9173, 4900786.3959, 4901170.4949, 4900172.9827, 4900606.7182, 4899770.1226, 4899721.4988, 4898749.1989, 4899346.2719, 4897581.7725, 4898280.1459, 4895907.3058, 4896675.5504, 4894892.4767, 4894077.4708, 4892503.7699, 4892426.9624, 4891732.6171, 4891931.5975, 4891360.5198, 4890682.3392, 4890051.6007, 4890501.617, 4889507.9596, 4890434.7817, 4891299.4772, 4892715.6287, 4892949.7046, 4893690.3929, 4893463.7825, 4895988.5604, 
4897016.2846, 4896492.559, 4898977.342, 4898745.9698, 4893927.9375, 4855267.7234, 4855737.8903, 4855904.3534, 4884853.3818, 4902151.0765))"
1208091509.96,139649.936889,71,70,59,Pipestone,PIPE,117,500,500,139631.848069,1204961262.7,"list(c(224089.7867, 253997.4422, 255175.5253, 253674.674, 222432.1808, 224089.7867, 4899557.8073, 4898328.0538, 4898265.1821, 4859672.2433, 4860965.592, 4899557.8073))"
1864279062.22,173800.283877,72,71,51,Murray,MURR,101,500,500,173796.823963,1862450683.56,"list(c(255175.5253, 292756.7792, 303222.9154, 302074.0987, 254662.8127, 253674.674, 255175.5253, 4898265.1821, 4896857.5079, 4896582.9246, 4857933.2849, 4859639.1737, 4859672.2433, 4898265.1821))"
1679623774.63,173855.699716,73,72,17,Cottonwood,COTT,33,500,500,173853.236937,1677847208.84,"list(c(303222.9154, 331497.5533, 332112.1454, 331920.1669, 351168.1448, 350552.085, 302872.9801, 302074.0987, 303222.9154, 4896582.9246, 4895709.4744, 4895683.2135, 4886021.0841, 4885549.1161, 4856684.3171, 4857910.3107, 4857933.2849, 4896582.9246))"
1660523141.33,184798.793688,74,73,85,Winona,WINO,169,500,500,183132.110356,1658591320.19,"list(c(573694.8334, 573575.6652, 591213.5251, 595306.5487, 599850.9945, 602433.8368, 603445.0448, 605534.34, 608289.1208, 611310.9398, 612820.3478, 619652.5372, 625277.8798, 627761.0413, 631091.1286, 631875.5241, 637916.1448, 602045.8058, 574012.1082, 573694.8334, 4884143.1885, 4893725.8728, 4893962.6482, 4890252.718, 4887600.9171, 4887015.4421, 4884225.696, 4883536.0073, 4879882.0486, 4878288.1509, 4876320.8325, 4875064.274, 4873055.5416, 4869234.8016, 4866223.8228, 4863991.3096, 4856324.1443, 4855646.2647, 
4855315.2876, 4884143.1885))"
1120763055.17,135224.751243,75,74,81,Waseca,WASE,161,500,500,135222.070787,1118917448.47,"list(c(458001.3811, 467513.4239, 467310.7337, 447917.5842, 438297.5328, 438656.4258, 458001.3811, 4893797.4453, 4893769.855, 4855081.4837, 4855193.6761, 4855267.7234, 4893927.9375, 4893797.4453))"
1118857528.18,135219.200419,76,75,74,Steele,STEE,147,500,500,135218.139842,1118904968.8,"list(c(496328.6015, 496339.2297, 496014.2224, 467310.7337, 467513.4239, 496328.6015, 4893723.3715, 4855037.8793, 4855038.1252, 4855081.4837, 4893769.855, 4893723.3715))"
1137830600.28,136083.429681,77,76,20,Dodge,DODG,39,500,500,136081.271509,1136340388.41,"list(c(496709.6038, 525678.0932, 525848.6474, 524966.6376, 496339.2297, 496328.6015, 496709.6038, 4893722.904, 4893644.6431, 4855108.3455, 4855103.8643, 4855037.8793, 4893723.3715, 4893722.904))"
1694592947.87,178042.58383,78,77,55,Olmsted,OLMS,109,500,500,178039.180134,1694339716.87,"list(c(573694.8334, 574012.1082, 544298.8599, 544300.8755, 524979.66, 524966.6376, 525848.6474, 525678.0932, 535889.215, 554428.4799, 554491.6711, 573694.8334, 4884143.1885, 4855315.2876, 4855172.7363, 4853602.8082, 4853462.8394, 4855103.8643, 4855108.3455, 4893644.6431, 4893615.8678, 4893655.8577, 4884065.3379, 4884143.1885))"
1138197262.58,136541.128127,79,78,83,Watonwan,WATO,165,500,500,136539.427476,1137885592.89,"list(c(390457.6899, 389963.4695, 350949.0891, 350552.085, 351168.1448, 390457.6899, 4884853.3818, 4855904.3534, 4856677.7039, 4856684.3171, 4885549.1161, 4884853.3818))"
1251104326.05,142205.587816,80,79,67,Rock,ROCK,133,500,500,142200.99268,1253182851.86,"list(c(222432.1808, 253674.674, 254662.8127, 253165.9939, 220833.1575, 222432.1808, 4860965.592, 4859672.2433, 4859639.1737, 4820904.1227, 4822177.345, 4860965.592))"
1872267193.96,174046.417374,81,80,53,Nobles,NOBL,105,500,500,174030.871514,1869448894.02,"list(c(302074.0987, 302872.9801, 301573.6998, 253165.9939, 254662.8127, 302074.0987, 4857933.2849, 4857910.3107, 4819339.4412, 4820904.1227, 4859639.1737, 4857933.2849))"
1862636443.84,173794.638309,82,81,32,Jackson,JACK,63,500,500,173778.389504,1863686173.72,"list(c(302872.9801, 350552.085, 350949.0891, 350076.6933, 301573.6998, 302872.9801, 4857910.3107, 4856684.3171, 4856677.7039, 4818112.3639, 4819339.4412, 4857910.3107))"
1888317691,175050.279913,83,82,46,Martin,MART,91,500,500,175046.401234,1887833330.44,"list(c(389963.4695, 399752.4966, 399111.3957, 350076.6933, 350949.0891, 389963.4695, 4855904.3534, 4855737.8903, 4817129.0648, 4818112.3639, 4856677.7039, 4855904.3534))"
1472819840.98,158071.238231,84,83,28,Houston,HOUS,55,500,500,157222.780454,1471648400.58,"list(c(602045.8058, 637916.1448, 639793.9015, 641325.8831, 639500.8458, 639214.2976, 640147.3065, 639696.2525, 642751.6835, 641935.2736, 644007.8803, 644087.8847, 602640.064, 602045.8058, 4855646.2647, 4856324.1443, 4850256.8636, 4848164.6001, 4841101.3472, 4836295.1938, 4833552.056, 4830608.0064, 4826947.2217, 4822317.3083, 4819486.4481, 4817954.4245, 4817201.9056, 4855646.2647))"
1868154590.48,173928.68203,85,84,22,Faribault,FARI,43,500,500,173926.322565,1866477183.07,"list(c(399752.4966, 438297.5328, 447917.5842, 447560.619, 399111.3957, 399752.4966, 4855737.8903, 4855267.7234, 4855193.6761, 4816504.6352, 4817129.0648, 4855737.8903))"
2231678595.99,192944.223738,86,85,23,Fillmore,FILL,45,500,500,192936.16892,2229770750.51,"list(c(602045.8058, 602640.064, 544539.6508, 544300.8755, 544298.8599, 574012.1082, 602045.8058, 4855646.2647, 4817201.9056, 4816539.7178, 4853602.8082, 4855172.7363, 4855315.2876, 4855646.2647))"
1869485809.41,173962.635377,87,86,24,Freeborn,FREE,47,500,500,173960.815235,1867327793.11,"list(c(467310.7337, 496014.2224, 496005.6608, 447560.619, 447917.5842, 467310.7337, 4855081.4837, 4855038.1252, 4816310.4251, 4816504.6352, 4855193.6761, 4855081.4837))"
1841360188.61,174252.279776,88,87,50,Mower,MOWE,99,500,500,174241.382601,1840955514.14,"list(c(496339.2297, 524966.6376, 524979.66, 544300.8755, 544539.6508, 496005.6608, 496014.2224, 496339.2297, 4855037.8793, 4855103.8643, 4853462.8394, 4853602.8082, 4816539.7178, 4816310.4251, 4855038.1252, 4855037.8793))"
990.841313418,130.514390632,89,88,16,Cook,COOK,31,500,500,117.58189745,423.910665168,"list(c(758626.2504, 758598.6389, 758644.615, 758626.2504, 5321640.8256, 5321641.5713, 5321671.035, 5321640.8256))"
4855.32099068,270.893004378,90,89,16,Cook,COOK,31,500,500,227.005833682,2068.45668099,"list(c(758364.0559, 758336.4558, 758414.5773, 758364.0559, 5321555.463, 5321595.311, 5321632.4097, 5321555.463))"
357063.417256,2389.94710719,91,90,16,Cook,COOK,31,500,500,1894.96035846,148065.142597,"list(c(749030.5182, 749804.6282, 749357.4369, 749030.5182, 5316638.1696, 5316423.6736, 5316165.0417, 5316638.1696))"
12126.949953,539.372629932,92,91,16,Cook,COOK,31,500,500,510.57708394,6271.65491917,"list(c(737156.9943, 737230.4505, 737081.342, 737156.9943, 5307994.0431, 5308003.2436, 5307813.8085, 5307994.0431))"
24146.5124288,622.471361257,93,92,16,Cook,COOK,31,500,500,474.239726734,8815.58438445,"list(c(736357.0447, 736260.3623, 736313.0066, 736357.0447, 5307414.1646, 5307431.1835, 5307604.2783, 5307414.1646))"
10216.4033738,556.076490994,94,93,16,Cook,COOK,31,500,500,494.022735882,7947.33880068,"list(c(700199.2839, 699982.703, 700151.6389, 700199.2839, 5291412.1709, 5291470.4775, 5291498.3867, 5291412.1709))"
2148.45836717,182.236133156,95,94,16,Cook,COOK,31,500,500,171.099219191,1203.19661646,"list(c(699825.2168, 699784.0941, 699753.9762, 699825.2168, 5291434.3687, 5291409.1098, 5291449.1278, 5291434.3687))"
4148.06907372,309.162001004,96,95,38,Lake,LAKE,75,500,500,242.415192904,1543.75035431,"list(c(633138.6067, 633092.4598, 633204.2739, 633138.6067, 5239646.1181, 5239662.9485, 5239689.0743, 5239646.1181))"
783.653385632,109.616514752,97,96,38,Lake,LAKE,75,500,500,100.459813395,410.548779965,"list(c(632762.2589, 632779.8973, 632759.478, 632762.2589, 5239264.3967, 5239240.9674, 5239221.5389, 5239264.3967))"
8591.0063644,398.310470034,98,97,38,Lake,LAKE,75,500,500,323.770567252,3078.41321945,"list(c(632686.6533, 632651.2718, 632639.8357, 632686.6533, 5239262.9188, 5239120.9467, 5239249.0707, 5239262.9188))"
39764.5332229,1105.41491004,99,98,38,Lake,LAKE,75,500,500,839.074095782,27452.6710586,"list(c(609782.3438, 609942.5005, 609934.5828, 609782.3438, 5216184.731, 5216248.5668, 5215902.5883, 5216184.731))"
9667.10696637,461.302551672,100,99,38,Lake,LAKE,75,500,500,439.116444488,5172.10601128,"list(c(593272.8567, 593457.7389, 593371.5564, 593272.8567, 5199880.0884, 5199975.3768, 5199875.008, 5199880.0884))"
14836.131917,477.9809016,101,100,16,Cook,COOK,31,500,500,395.629018582,5955.34800602,"list(c(756748.8627, 756576.625, 756690.8784, 756748.8627, 5320801.741, 5320813.0385, 5320874.697, 5320801.741))"
2157.41776931,177.71416993,102,101,16,Cook,COOK,31,500,500,152.415428434,980.169989528,"list(c(756833.4517, 756785.0637, 756841.9609, 756833.4517, 5320750.7266, 5320761.6012, 5320789.3272, 5320750.7266))"
902737.374128,7019.03986152,103,102,16,Cook,COOK,31,500,500,4595.01661477,437052.851394,"list(c(755754.7141, 755573.2874, 756151.763, 754795.1204, 755754.7141, 5319805.7032, 5319058.2417, 5319036.943, 5318363.4107, 5319805.7032))"
37037.6491399,871.673163186,104,103,16,Cook,COOK,31,500,500,720.820248156,17401.5043323,"list(c(756736.3223, 756426.845, 756511.7344, 756736.3223, 5319653.9595, 5319545.1502, 5319687.4539, 5319653.9595))"
12007.415188,458.40539029,105,104,16,Cook,COOK,31,500,500,424.181865837,6268.57678159,"list(c(752727.8658, 752671.4134, 752576.6265, 752727.8658, 5319704.0643, 5319577.8696, 5319588.0649, 5319704.0643))"
29445.5545806,1107.84613152,106,105,16,Cook,COOK,31,500,500,903.485081448,6478.66310675,"list(c(754472.9374, 754243.2402, 754680.963, 754472.9374, 5319502.2783, 5319477.3106, 5319581.3008, 5319502.2783))"
26138.5087793,721.125155923,107,106,16,Cook,COOK,31,500,500,629.052812452,15289.1090827,"list(c(754478.2085, 754720.0782, 754537.9727, 754478.2085, 5319124.9763, 5319190.4738, 5319014.7359, 5319124.9763))"
143311.060621,2149.57422304,108,107,16,Cook,COOK,31,500,500,1676.88118151,62864.525806,"list(c(757202.2479, 757142.8294, 756554.7131, 757202.2479, 5319070.1425, 5318832.8805, 5318600.4849, 5319070.1425))"
31743.02564,1407.94948274,109,108,16,Cook,COOK,31,500,500,1329.6678849,1244.78874341,"list(c(754553.9596, 754665.9586, 754075.2152, 754553.9596, 5318941.8531, 5318995.4498, 5318690.5232, 5318941.8531))"
27648.7657954,815.947666006,110,109,16,Cook,COOK,31,500,500,699.932439609,18189.6604204,"list(c(756274.5768, 756293.5194, 756544.5267, 756274.5768, 5318740.861, 5318885.3051, 5318878.8225, 5318740.861))"
4573.65555248,277.693950536,111,110,16,Cook,COOK,31,500,500,255.944838603,2071.52573882,"list(c(755272.0585, 755261.005, 755348.2125, 755272.0585, 5318458.1228, 5318500.0431, 5318544.1275, 5318458.1228))"
570606.119745,4123.67726821,112,111,16,Cook,COOK,31,500,500,3276.89279668,243600.179494,"list(c(755997.0233, 754820.4542, 754921.3614, 755997.0233, 5318391.04, 5317358.7347, 5317861.3549, 5318391.04))"
33231.4109338,947.161947562,113,112,16,Cook,COOK,31,500,500,876.092954091,13191.7616011,"list(c(754577.9394, 754774.5448, 754366.5025, 754577.9394, 5318356.041, 5318355.6458, 5318222.2707, 5318356.041))"
8844.81734817,419.52120249,114,113,16,Cook,COOK,31,500,500,338.470640398,4114.26164559,"list(c(754614.6278, 754750.9962, 754698.7073, 754614.6278, 5317647.9618, 5317714.4074, 5317628.5892, 5317647.9618))"
4638.02697872,312.399384856,115,114,16,Cook,COOK,31,500,500,295.826239183,2216.75836265,"list(c(755151.6337, 755216.217, 755099.6839, 755151.6337, 5317121.8031, 5317127.7614, 5317048.3623, 5317121.8031))"
66276.4763811,2644.84928747,116,115,16,Cook,COOK,31,500,500,2344.12392306,11641.6407824,"list(c(656853.1126, 656491.6175, 657348.641, 656853.1126, 5265231.3793, 5264921.5209, 5265720.5337, 5265231.3793))"
691.598920744,103.083928852,117,116,38,Lake,LAKE,75,500,500,89.8835797169,306.083040763,"list(c(631078.1628, 631111.2225, 631114.172, 631078.1628, 5236647.5977, 5236653.1772, 5236635.158, 5236647.5977))"
2024.76284501,206.261145686,118,117,38,Lake,LAKE,75,500,500,185.550428016,950.940392172,"list(c(629929.097, 629972.5025, 629904.0219, 629929.097, 5236126.3285, 5236133.2121, 5236078.5353, 5236126.3285))"
